{"timestamp":"2025-10-07T20:21:06.465137Z","level":"info","event":"Filling up the DagBag from /opt/airflow/dags/customer.py","logger":"airflow.models.dagbag.DagBag","filename":"dagbag.py","lineno":593}
{"timestamp":"2025-10-07T20:21:36.857125Z","level":"info","event":"Filling up the DagBag from /opt/airflow/dags/customer.py","logger":"airflow.models.dagbag.DagBag","filename":"dagbag.py","lineno":593}
{"timestamp":"2025-10-07T20:22:07.225219Z","level":"info","event":"Filling up the DagBag from /opt/airflow/dags/customer.py","logger":"airflow.models.dagbag.DagBag","filename":"dagbag.py","lineno":593}
{"timestamp":"2025-10-07T20:22:37.594802Z","level":"info","event":"Filling up the DagBag from /opt/airflow/dags/customer.py","logger":"airflow.models.dagbag.DagBag","filename":"dagbag.py","lineno":593}
{"timestamp":"2025-10-07T20:22:50.822472Z","level":"info","event":"Filling up the DagBag from /opt/airflow/dags/customer.py","logger":"airflow.models.dagbag.DagBag","filename":"dagbag.py","lineno":593}
{"timestamp":"2025-10-07T20:23:21.225621Z","level":"info","event":"Filling up the DagBag from /opt/airflow/dags/customer.py","logger":"airflow.models.dagbag.DagBag","filename":"dagbag.py","lineno":593}
{"timestamp":"2025-10-07T20:23:51.633477Z","level":"info","event":"Filling up the DagBag from /opt/airflow/dags/customer.py","logger":"airflow.models.dagbag.DagBag","filename":"dagbag.py","lineno":593}
{"timestamp":"2025-10-07T20:24:22.033459Z","level":"info","event":"Filling up the DagBag from /opt/airflow/dags/customer.py","logger":"airflow.models.dagbag.DagBag","filename":"dagbag.py","lineno":593}
{"timestamp":"2025-10-07T20:24:52.439352Z","level":"info","event":"Filling up the DagBag from /opt/airflow/dags/customer.py","logger":"airflow.models.dagbag.DagBag","filename":"dagbag.py","lineno":593}
{"timestamp":"2025-10-07T20:25:22.824063Z","level":"info","event":"Filling up the DagBag from /opt/airflow/dags/customer.py","logger":"airflow.models.dagbag.DagBag","filename":"dagbag.py","lineno":593}
{"timestamp":"2025-10-07T20:25:53.231804Z","level":"info","event":"Filling up the DagBag from /opt/airflow/dags/customer.py","logger":"airflow.models.dagbag.DagBag","filename":"dagbag.py","lineno":593}
{"timestamp":"2025-10-07T20:26:23.626819Z","level":"info","event":"Filling up the DagBag from /opt/airflow/dags/customer.py","logger":"airflow.models.dagbag.DagBag","filename":"dagbag.py","lineno":593}
{"timestamp":"2025-10-07T20:26:54.037879Z","level":"info","event":"Filling up the DagBag from /opt/airflow/dags/customer.py","logger":"airflow.models.dagbag.DagBag","filename":"dagbag.py","lineno":593}
{"timestamp":"2025-10-07T20:27:24.425029Z","level":"info","event":"Filling up the DagBag from /opt/airflow/dags/customer.py","logger":"airflow.models.dagbag.DagBag","filename":"dagbag.py","lineno":593}
{"timestamp":"2025-10-07T20:27:30.557928Z","level":"info","event":"Filling up the DagBag from /opt/airflow/dags/customer.py","logger":"airflow.models.dagbag.DagBag","filename":"dagbag.py","lineno":593}
{"timestamp":"2025-10-07T20:27:44.813094Z","level":"info","event":"Filling up the DagBag from /opt/airflow/dags/customer.py","logger":"airflow.models.dagbag.DagBag","filename":"dagbag.py","lineno":593}
{"timestamp":"2025-10-07T20:27:58.078428Z","level":"info","event":"Filling up the DagBag from /opt/airflow/dags/customer.py","logger":"airflow.models.dagbag.DagBag","filename":"dagbag.py","lineno":593}
{"timestamp":"2025-10-07T20:27:58.090574Z","level":"error","event":"Failed to import: /opt/airflow/dags/customer.py","logger":"airflow.models.dagbag.DagBag","filename":"dagbag.py","lineno":415,"error_detail":[{"exc_type":"NameError","exc_value":"name 'wait' is not defined","exc_notes":[],"syntax_error":null,"is_cause":false,"frames":[{"filename":"/home/airflow/.local/lib/python3.12/site-packages/airflow/models/dagbag.py","lineno":405,"name":"parse"},{"filename":"<frozen importlib._bootstrap_external>","lineno":999,"name":"exec_module"},{"filename":"<frozen importlib._bootstrap>","lineno":488,"name":"_call_with_frames_removed"},{"filename":"/opt/airflow/dags/customer.py","lineno":100,"name":"<module>"}],"is_group":false,"exceptions":[]}]}
{"timestamp":"2025-10-07T20:28:09.288624Z","level":"info","event":"Filling up the DagBag from /opt/airflow/dags/customer.py","logger":"airflow.models.dagbag.DagBag","filename":"dagbag.py","lineno":593}
{"timestamp":"2025-10-07T20:28:09.299878Z","level":"error","event":"Failed to import: /opt/airflow/dags/customer.py","logger":"airflow.models.dagbag.DagBag","filename":"dagbag.py","lineno":415,"error_detail":[{"exc_type":"NameError","exc_value":"name 'wait' is not defined","exc_notes":[],"syntax_error":null,"is_cause":false,"frames":[{"filename":"/home/airflow/.local/lib/python3.12/site-packages/airflow/models/dagbag.py","lineno":405,"name":"parse"},{"filename":"<frozen importlib._bootstrap_external>","lineno":999,"name":"exec_module"},{"filename":"<frozen importlib._bootstrap>","lineno":488,"name":"_call_with_frames_removed"},{"filename":"/opt/airflow/dags/customer.py","lineno":100,"name":"<module>"}],"is_group":false,"exceptions":[]}]}
{"timestamp":"2025-10-07T20:28:22.504146Z","level":"info","event":"Filling up the DagBag from /opt/airflow/dags/customer.py","logger":"airflow.models.dagbag.DagBag","filename":"dagbag.py","lineno":593}
{"timestamp":"2025-10-07T20:28:52.938500Z","level":"info","event":"Filling up the DagBag from /opt/airflow/dags/customer.py","logger":"airflow.models.dagbag.DagBag","filename":"dagbag.py","lineno":593}
{"timestamp":"2025-10-07T20:29:16.353280Z","level":"info","event":"Filling up the DagBag from /opt/airflow/dags/customer.py","logger":"airflow.models.dagbag.DagBag","filename":"dagbag.py","lineno":593}
{"timestamp":"2025-10-07T20:29:46.759366Z","level":"info","event":"Filling up the DagBag from /opt/airflow/dags/customer.py","logger":"airflow.models.dagbag.DagBag","filename":"dagbag.py","lineno":593}
{"timestamp":"2025-10-07T20:30:12.069043Z","level":"warning","event":"Error when trying to pre-import module 'airflow.triggers.postgres_notify_trigger' found in /opt/airflow/dags/customer.py: No module named 'airflow.triggers.postgres_notify_trigger'","logger":"processor"}
{"timestamp":"2025-10-07T20:30:12.116251Z","level":"info","event":"Filling up the DagBag from /opt/airflow/dags/customer.py","logger":"airflow.models.dagbag.DagBag","filename":"dagbag.py","lineno":593}
{"timestamp":"2025-10-07T20:30:12.124623Z","level":"error","event":"Failed to import: /opt/airflow/dags/customer.py","logger":"airflow.models.dagbag.DagBag","filename":"dagbag.py","lineno":415,"error_detail":[{"exc_type":"ModuleNotFoundError","exc_value":"No module named 'airflow.triggers.postgres_notify_trigger'","exc_notes":[],"syntax_error":null,"is_cause":false,"frames":[{"filename":"/home/airflow/.local/lib/python3.12/site-packages/airflow/models/dagbag.py","lineno":405,"name":"parse"},{"filename":"<frozen importlib._bootstrap_external>","lineno":999,"name":"exec_module"},{"filename":"<frozen importlib._bootstrap>","lineno":488,"name":"_call_with_frames_removed"},{"filename":"/opt/airflow/dags/customer.py","lineno":10,"name":"<module>"}],"is_group":false,"exceptions":[]}]}
{"timestamp":"2025-10-07T20:30:15.217264Z","level":"warning","event":"Error when trying to pre-import module 'airflow.triggers.postgres_notify_trigger' found in /opt/airflow/dags/customer.py: No module named 'airflow.triggers.postgres_notify_trigger'","logger":"processor"}
{"timestamp":"2025-10-07T20:30:15.259031Z","level":"info","event":"Filling up the DagBag from /opt/airflow/dags/customer.py","logger":"airflow.models.dagbag.DagBag","filename":"dagbag.py","lineno":593}
{"timestamp":"2025-10-07T20:30:15.268180Z","level":"error","event":"Failed to import: /opt/airflow/dags/customer.py","logger":"airflow.models.dagbag.DagBag","filename":"dagbag.py","lineno":415,"error_detail":[{"exc_type":"ModuleNotFoundError","exc_value":"No module named 'airflow.triggers.postgres_notify_trigger'","exc_notes":[],"syntax_error":null,"is_cause":false,"frames":[{"filename":"/home/airflow/.local/lib/python3.12/site-packages/airflow/models/dagbag.py","lineno":405,"name":"parse"},{"filename":"<frozen importlib._bootstrap_external>","lineno":999,"name":"exec_module"},{"filename":"<frozen importlib._bootstrap>","lineno":488,"name":"_call_with_frames_removed"},{"filename":"/opt/airflow/dags/customer.py","lineno":10,"name":"<module>"}],"is_group":false,"exceptions":[]}]}
{"timestamp":"2025-10-07T20:30:45.628453Z","level":"warning","event":"Error when trying to pre-import module 'airflow.triggers.postgres_notify_trigger' found in /opt/airflow/dags/customer.py: No module named 'airflow.triggers.postgres_notify_trigger'","logger":"processor"}
{"timestamp":"2025-10-07T20:30:45.663009Z","level":"info","event":"Filling up the DagBag from /opt/airflow/dags/customer.py","logger":"airflow.models.dagbag.DagBag","filename":"dagbag.py","lineno":593}
{"timestamp":"2025-10-07T20:30:45.665950Z","level":"error","event":"Failed to import: /opt/airflow/dags/customer.py","logger":"airflow.models.dagbag.DagBag","filename":"dagbag.py","lineno":415,"error_detail":[{"exc_type":"ModuleNotFoundError","exc_value":"No module named 'airflow.triggers.postgres_notify_trigger'","exc_notes":[],"syntax_error":null,"is_cause":false,"frames":[{"filename":"/home/airflow/.local/lib/python3.12/site-packages/airflow/models/dagbag.py","lineno":405,"name":"parse"},{"filename":"<frozen importlib._bootstrap_external>","lineno":999,"name":"exec_module"},{"filename":"<frozen importlib._bootstrap>","lineno":488,"name":"_call_with_frames_removed"},{"filename":"/opt/airflow/dags/customer.py","lineno":10,"name":"<module>"}],"is_group":false,"exceptions":[]}]}
{"timestamp":"2025-10-07T20:31:16.577723Z","level":"warning","event":"Error when trying to pre-import module 'airflow.triggers.postgres_notify_trigger' found in /opt/airflow/dags/customer.py: No module named 'airflow.triggers.postgres_notify_trigger'","logger":"processor"}
{"timestamp":"2025-10-07T20:31:16.617096Z","level":"info","event":"Filling up the DagBag from /opt/airflow/dags/customer.py","logger":"airflow.models.dagbag.DagBag","filename":"dagbag.py","lineno":593}
{"timestamp":"2025-10-07T20:31:16.622176Z","level":"error","event":"Failed to import: /opt/airflow/dags/customer.py","logger":"airflow.models.dagbag.DagBag","filename":"dagbag.py","lineno":415,"error_detail":[{"exc_type":"ModuleNotFoundError","exc_value":"No module named 'airflow.triggers.postgres_notify_trigger'","exc_notes":[],"syntax_error":null,"is_cause":false,"frames":[{"filename":"/home/airflow/.local/lib/python3.12/site-packages/airflow/models/dagbag.py","lineno":405,"name":"parse"},{"filename":"<frozen importlib._bootstrap_external>","lineno":999,"name":"exec_module"},{"filename":"<frozen importlib._bootstrap>","lineno":488,"name":"_call_with_frames_removed"},{"filename":"/opt/airflow/dags/customer.py","lineno":10,"name":"<module>"}],"is_group":false,"exceptions":[]}]}
{"timestamp":"2025-10-07T20:31:17.699624Z","level":"info","event":"Filling up the DagBag from /opt/airflow/dags/customer.py","logger":"airflow.models.dagbag.DagBag","filename":"dagbag.py","lineno":593}
{"timestamp":"2025-10-07T20:31:22.324103Z","level":"info","event":"Filling up the DagBag from /opt/airflow/dags/customer.py","logger":"airflow.models.dagbag.DagBag","filename":"dagbag.py","lineno":593}
{"timestamp":"2025-10-07T20:31:27.482935Z","level":"info","event":"Filling up the DagBag from /opt/airflow/dags/customer.py","logger":"airflow.models.dagbag.DagBag","filename":"dagbag.py","lineno":593}
{"timestamp":"2025-10-07T20:31:57.900986Z","level":"info","event":"Filling up the DagBag from /opt/airflow/dags/customer.py","logger":"airflow.models.dagbag.DagBag","filename":"dagbag.py","lineno":593}
{"timestamp":"2025-10-07T20:32:18.322352Z","level":"info","event":"Filling up the DagBag from /opt/airflow/dags/customer.py","logger":"airflow.models.dagbag.DagBag","filename":"dagbag.py","lineno":593}
{"timestamp":"2025-10-07T20:32:25.898947Z","level":"info","event":"Filling up the DagBag from /opt/airflow/dags/customer.py","logger":"airflow.models.dagbag.DagBag","filename":"dagbag.py","lineno":593}
{"timestamp":"2025-10-07T20:32:29.022750Z","level":"info","event":"Filling up the DagBag from /opt/airflow/dags/customer.py","logger":"airflow.models.dagbag.DagBag","filename":"dagbag.py","lineno":593}
{"timestamp":"2025-10-07T20:32:35.163411Z","level":"info","event":"Filling up the DagBag from /opt/airflow/dags/customer.py","logger":"airflow.models.dagbag.DagBag","filename":"dagbag.py","lineno":593}
{"timestamp":"2025-10-07T20:33:06.000858Z","level":"info","event":"Filling up the DagBag from /opt/airflow/dags/customer.py","logger":"airflow.models.dagbag.DagBag","filename":"dagbag.py","lineno":593}
{"timestamp":"2025-10-07T20:33:36.911477Z","level":"info","event":"Filling up the DagBag from /opt/airflow/dags/customer.py","logger":"airflow.models.dagbag.DagBag","filename":"dagbag.py","lineno":593}
{"timestamp":"2025-10-07T20:34:07.760197Z","level":"info","event":"Filling up the DagBag from /opt/airflow/dags/customer.py","logger":"airflow.models.dagbag.DagBag","filename":"dagbag.py","lineno":593}
{"timestamp":"2025-10-07T20:34:38.633841Z","level":"info","event":"Filling up the DagBag from /opt/airflow/dags/customer.py","logger":"airflow.models.dagbag.DagBag","filename":"dagbag.py","lineno":593}
{"timestamp":"2025-10-07T20:35:09.516629Z","level":"info","event":"Filling up the DagBag from /opt/airflow/dags/customer.py","logger":"airflow.models.dagbag.DagBag","filename":"dagbag.py","lineno":593}
{"timestamp":"2025-10-07T20:35:40.347626Z","level":"info","event":"Filling up the DagBag from /opt/airflow/dags/customer.py","logger":"airflow.models.dagbag.DagBag","filename":"dagbag.py","lineno":593}
{"timestamp":"2025-10-07T20:36:11.184269Z","level":"info","event":"Filling up the DagBag from /opt/airflow/dags/customer.py","logger":"airflow.models.dagbag.DagBag","filename":"dagbag.py","lineno":593}
{"timestamp":"2025-10-07T20:36:42.014605Z","level":"info","event":"Filling up the DagBag from /opt/airflow/dags/customer.py","logger":"airflow.models.dagbag.DagBag","filename":"dagbag.py","lineno":593}
{"timestamp":"2025-10-07T20:37:10.755919Z","level":"info","event":"Filling up the DagBag from /opt/airflow/dags/customer.py","logger":"airflow.models.dagbag.DagBag","filename":"dagbag.py","lineno":593}
{"timestamp":"2025-10-07T20:37:10.766330Z","level":"error","event":"Failed to import: /opt/airflow/dags/customer.py","logger":"airflow.models.dagbag.DagBag","filename":"dagbag.py","lineno":415,"error_detail":[{"exc_type":"NameError","exc_value":"name 'WaitForPostgresEventOperator' is not defined","exc_notes":[],"syntax_error":null,"is_cause":false,"frames":[{"filename":"/home/airflow/.local/lib/python3.12/site-packages/airflow/models/dagbag.py","lineno":405,"name":"parse"},{"filename":"<frozen importlib._bootstrap_external>","lineno":999,"name":"exec_module"},{"filename":"<frozen importlib._bootstrap>","lineno":488,"name":"_call_with_frames_removed"},{"filename":"/opt/airflow/dags/customer.py","lineno":31,"name":"<module>"}],"is_group":false,"exceptions":[]}]}
{"timestamp":"2025-10-07T20:37:10.880771Z","level":"info","event":"Filling up the DagBag from /opt/airflow/dags/customer.py","logger":"airflow.models.dagbag.DagBag","filename":"dagbag.py","lineno":593}
{"timestamp":"2025-10-07T20:37:10.887853Z","level":"error","event":"Failed to import: /opt/airflow/dags/customer.py","logger":"airflow.models.dagbag.DagBag","filename":"dagbag.py","lineno":415,"error_detail":[{"exc_type":"NameError","exc_value":"name 'WaitForPostgresEventOperator' is not defined","exc_notes":[],"syntax_error":null,"is_cause":false,"frames":[{"filename":"/home/airflow/.local/lib/python3.12/site-packages/airflow/models/dagbag.py","lineno":405,"name":"parse"},{"filename":"<frozen importlib._bootstrap_external>","lineno":999,"name":"exec_module"},{"filename":"<frozen importlib._bootstrap>","lineno":488,"name":"_call_with_frames_removed"},{"filename":"/opt/airflow/dags/customer.py","lineno":31,"name":"<module>"}],"is_group":false,"exceptions":[]}]}
{"timestamp":"2025-10-07T20:37:20.067103Z","level":"info","event":"Filling up the DagBag from /opt/airflow/dags/customer.py","logger":"airflow.models.dagbag.DagBag","filename":"dagbag.py","lineno":593}
{"timestamp":"2025-10-07T20:37:20.077341Z","level":"error","event":"Failed to import: /opt/airflow/dags/customer.py","logger":"airflow.models.dagbag.DagBag","filename":"dagbag.py","lineno":415,"error_detail":[{"exc_type":"NameError","exc_value":"name 'WaitForPostgresEventOperator' is not defined","exc_notes":[],"syntax_error":null,"is_cause":false,"frames":[{"filename":"/home/airflow/.local/lib/python3.12/site-packages/airflow/models/dagbag.py","lineno":405,"name":"parse"},{"filename":"<frozen importlib._bootstrap_external>","lineno":999,"name":"exec_module"},{"filename":"<frozen importlib._bootstrap>","lineno":488,"name":"_call_with_frames_removed"},{"filename":"/opt/airflow/dags/customer.py","lineno":30,"name":"<module>"}],"is_group":false,"exceptions":[]}]}
{"timestamp":"2025-10-07T20:37:28.243203Z","level":"info","event":"Filling up the DagBag from /opt/airflow/dags/customer.py","logger":"airflow.models.dagbag.DagBag","filename":"dagbag.py","lineno":593}
{"timestamp":"2025-10-07T20:37:28.249729Z","level":"error","event":"Failed to import: /opt/airflow/dags/customer.py","logger":"airflow.models.dagbag.DagBag","filename":"dagbag.py","lineno":415,"error_detail":[{"exc_type":"NameError","exc_value":"name 'WaitForPostgresEventOperator' is not defined","exc_notes":[],"syntax_error":null,"is_cause":false,"frames":[{"filename":"/home/airflow/.local/lib/python3.12/site-packages/airflow/models/dagbag.py","lineno":405,"name":"parse"},{"filename":"<frozen importlib._bootstrap_external>","lineno":999,"name":"exec_module"},{"filename":"<frozen importlib._bootstrap>","lineno":488,"name":"_call_with_frames_removed"},{"filename":"/opt/airflow/dags/customer.py","lineno":29,"name":"<module>"}],"is_group":false,"exceptions":[]}]}
{"timestamp":"2025-10-07T20:37:40.443556Z","level":"info","event":"Filling up the DagBag from /opt/airflow/dags/customer.py","logger":"airflow.models.dagbag.DagBag","filename":"dagbag.py","lineno":593}
{"timestamp":"2025-10-07T20:37:40.452161Z","level":"error","event":"Failed to import: /opt/airflow/dags/customer.py","logger":"airflow.models.dagbag.DagBag","filename":"dagbag.py","lineno":415,"error_detail":[{"exc_type":"ModuleNotFoundError","exc_value":"No module named 'operators.postgres_event_operator'","exc_notes":[],"syntax_error":null,"is_cause":false,"frames":[{"filename":"/home/airflow/.local/lib/python3.12/site-packages/airflow/models/dagbag.py","lineno":405,"name":"parse"},{"filename":"<frozen importlib._bootstrap_external>","lineno":999,"name":"exec_module"},{"filename":"<frozen importlib._bootstrap>","lineno":488,"name":"_call_with_frames_removed"},{"filename":"/opt/airflow/dags/customer.py","lineno":13,"name":"<module>"}],"is_group":false,"exceptions":[]}]}
{"timestamp":"2025-10-07T20:37:42.878368Z","level":"info","event":"Filling up the DagBag from /opt/airflow/dags/customer.py","logger":"airflow.models.dagbag.DagBag","filename":"dagbag.py","lineno":593}
{"timestamp":"2025-10-07T20:37:42.883598Z","level":"error","event":"Failed to import: /opt/airflow/dags/customer.py","logger":"airflow.models.dagbag.DagBag","filename":"dagbag.py","lineno":415,"error_detail":[{"exc_type":"ModuleNotFoundError","exc_value":"No module named 'operators.postgres_event_operator'","exc_notes":[],"syntax_error":null,"is_cause":false,"frames":[{"filename":"/home/airflow/.local/lib/python3.12/site-packages/airflow/models/dagbag.py","lineno":405,"name":"parse"},{"filename":"<frozen importlib._bootstrap_external>","lineno":999,"name":"exec_module"},{"filename":"<frozen importlib._bootstrap>","lineno":488,"name":"_call_with_frames_removed"},{"filename":"/opt/airflow/dags/customer.py","lineno":13,"name":"<module>"}],"is_group":false,"exceptions":[]}]}
{"timestamp":"2025-10-07T20:38:06.213293Z","level":"info","event":"Filling up the DagBag from /opt/airflow/dags/customer.py","logger":"airflow.models.dagbag.DagBag","filename":"dagbag.py","lineno":593}
{"timestamp":"2025-10-07T20:38:37.086653Z","level":"info","event":"Filling up the DagBag from /opt/airflow/dags/customer.py","logger":"airflow.models.dagbag.DagBag","filename":"dagbag.py","lineno":593}
{"timestamp":"2025-10-07T20:39:07.849785Z","level":"info","event":"Filling up the DagBag from /opt/airflow/dags/customer.py","logger":"airflow.models.dagbag.DagBag","filename":"dagbag.py","lineno":593}
{"timestamp":"2025-10-07T20:39:38.505896Z","level":"info","event":"Filling up the DagBag from /opt/airflow/dags/customer.py","logger":"airflow.models.dagbag.DagBag","filename":"dagbag.py","lineno":593}
{"timestamp":"2025-10-07T20:40:09.150012Z","level":"info","event":"Filling up the DagBag from /opt/airflow/dags/customer.py","logger":"airflow.models.dagbag.DagBag","filename":"dagbag.py","lineno":593}
{"timestamp":"2025-10-07T20:40:39.891743Z","level":"info","event":"Filling up the DagBag from /opt/airflow/dags/customer.py","logger":"airflow.models.dagbag.DagBag","filename":"dagbag.py","lineno":593}
{"timestamp":"2025-10-07T20:41:10.507745Z","level":"info","event":"Filling up the DagBag from /opt/airflow/dags/customer.py","logger":"airflow.models.dagbag.DagBag","filename":"dagbag.py","lineno":593}
{"timestamp":"2025-10-07T20:41:41.164688Z","level":"info","event":"Filling up the DagBag from /opt/airflow/dags/customer.py","logger":"airflow.models.dagbag.DagBag","filename":"dagbag.py","lineno":593}
{"timestamp":"2025-10-07T20:42:11.864388Z","level":"info","event":"Filling up the DagBag from /opt/airflow/dags/customer.py","logger":"airflow.models.dagbag.DagBag","filename":"dagbag.py","lineno":593}
{"timestamp":"2025-10-07T20:42:42.546948Z","level":"info","event":"Filling up the DagBag from /opt/airflow/dags/customer.py","logger":"airflow.models.dagbag.DagBag","filename":"dagbag.py","lineno":593}
{"timestamp":"2025-10-07T20:43:13.207311Z","level":"info","event":"Filling up the DagBag from /opt/airflow/dags/customer.py","logger":"airflow.models.dagbag.DagBag","filename":"dagbag.py","lineno":593}
{"timestamp":"2025-10-07T20:43:43.865590Z","level":"info","event":"Filling up the DagBag from /opt/airflow/dags/customer.py","logger":"airflow.models.dagbag.DagBag","filename":"dagbag.py","lineno":593}
{"timestamp":"2025-10-07T20:44:14.515005Z","level":"info","event":"Filling up the DagBag from /opt/airflow/dags/customer.py","logger":"airflow.models.dagbag.DagBag","filename":"dagbag.py","lineno":593}
{"timestamp":"2025-10-07T20:44:45.173358Z","level":"info","event":"Filling up the DagBag from /opt/airflow/dags/customer.py","logger":"airflow.models.dagbag.DagBag","filename":"dagbag.py","lineno":593}
{"timestamp":"2025-10-07T20:45:15.810245Z","level":"info","event":"Filling up the DagBag from /opt/airflow/dags/customer.py","logger":"airflow.models.dagbag.DagBag","filename":"dagbag.py","lineno":593}
{"timestamp":"2025-10-07T20:45:46.449946Z","level":"info","event":"Filling up the DagBag from /opt/airflow/dags/customer.py","logger":"airflow.models.dagbag.DagBag","filename":"dagbag.py","lineno":593}
{"timestamp":"2025-10-07T20:46:17.092104Z","level":"info","event":"Filling up the DagBag from /opt/airflow/dags/customer.py","logger":"airflow.models.dagbag.DagBag","filename":"dagbag.py","lineno":593}
{"timestamp":"2025-10-07T20:48:28.749028Z","level":"info","event":"Filling up the DagBag from /opt/airflow/dags/customer.py","logger":"airflow.models.dagbag.DagBag","filename":"dagbag.py","lineno":593}
{"timestamp":"2025-10-07T20:49:02.591195Z","level":"info","event":"Filling up the DagBag from /opt/airflow/dags/customer.py","logger":"airflow.models.dagbag.DagBag","filename":"dagbag.py","lineno":593}
{"timestamp":"2025-10-07T20:49:33.328436Z","level":"info","event":"Filling up the DagBag from /opt/airflow/dags/customer.py","logger":"airflow.models.dagbag.DagBag","filename":"dagbag.py","lineno":593}
{"timestamp":"2025-10-07T20:50:04.048032Z","level":"info","event":"Filling up the DagBag from /opt/airflow/dags/customer.py","logger":"airflow.models.dagbag.DagBag","filename":"dagbag.py","lineno":593}
{"timestamp":"2025-10-07T20:50:34.727988Z","level":"info","event":"Filling up the DagBag from /opt/airflow/dags/customer.py","logger":"airflow.models.dagbag.DagBag","filename":"dagbag.py","lineno":593}
{"timestamp":"2025-10-07T20:51:05.468730Z","level":"info","event":"Filling up the DagBag from /opt/airflow/dags/customer.py","logger":"airflow.models.dagbag.DagBag","filename":"dagbag.py","lineno":593}
{"timestamp":"2025-10-07T20:51:35.934839Z","level":"info","event":"Filling up the DagBag from /opt/airflow/dags/customer.py","logger":"airflow.models.dagbag.DagBag","filename":"dagbag.py","lineno":593}
{"timestamp":"2025-10-07T20:52:06.356740Z","level":"info","event":"Filling up the DagBag from /opt/airflow/dags/customer.py","logger":"airflow.models.dagbag.DagBag","filename":"dagbag.py","lineno":593}
{"timestamp":"2025-10-07T20:54:29.985782Z","level":"info","event":"Filling up the DagBag from /opt/airflow/dags/customer.py","logger":"airflow.models.dagbag.DagBag","filename":"dagbag.py","lineno":593}
{"timestamp":"2025-10-07T20:55:03.220610Z","level":"info","event":"Filling up the DagBag from /opt/airflow/dags/customer.py","logger":"airflow.models.dagbag.DagBag","filename":"dagbag.py","lineno":593}
{"timestamp":"2025-10-07T20:55:33.936213Z","level":"info","event":"Filling up the DagBag from /opt/airflow/dags/customer.py","logger":"airflow.models.dagbag.DagBag","filename":"dagbag.py","lineno":593}
{"timestamp":"2025-10-07T20:56:04.557842Z","level":"info","event":"Filling up the DagBag from /opt/airflow/dags/customer.py","logger":"airflow.models.dagbag.DagBag","filename":"dagbag.py","lineno":593}
{"timestamp":"2025-10-07T20:56:35.151996Z","level":"info","event":"Filling up the DagBag from /opt/airflow/dags/customer.py","logger":"airflow.models.dagbag.DagBag","filename":"dagbag.py","lineno":593}
{"timestamp":"2025-10-07T20:57:05.741055Z","level":"info","event":"Filling up the DagBag from /opt/airflow/dags/customer.py","logger":"airflow.models.dagbag.DagBag","filename":"dagbag.py","lineno":593}
{"timestamp":"2025-10-07T20:57:36.324101Z","level":"info","event":"Filling up the DagBag from /opt/airflow/dags/customer.py","logger":"airflow.models.dagbag.DagBag","filename":"dagbag.py","lineno":593}
{"timestamp":"2025-10-07T20:58:06.842073Z","level":"info","event":"Filling up the DagBag from /opt/airflow/dags/customer.py","logger":"airflow.models.dagbag.DagBag","filename":"dagbag.py","lineno":593}
{"timestamp":"2025-10-07T20:58:37.393939Z","level":"info","event":"Filling up the DagBag from /opt/airflow/dags/customer.py","logger":"airflow.models.dagbag.DagBag","filename":"dagbag.py","lineno":593}
{"timestamp":"2025-10-07T20:59:07.903062Z","level":"info","event":"Filling up the DagBag from /opt/airflow/dags/customer.py","logger":"airflow.models.dagbag.DagBag","filename":"dagbag.py","lineno":593}
{"timestamp":"2025-10-07T20:59:38.483477Z","level":"info","event":"Filling up the DagBag from /opt/airflow/dags/customer.py","logger":"airflow.models.dagbag.DagBag","filename":"dagbag.py","lineno":593}
{"timestamp":"2025-10-07T20:59:56.940493Z","level":"info","event":"Filling up the DagBag from /opt/airflow/dags/customer.py","logger":"airflow.models.dagbag.DagBag","filename":"dagbag.py","lineno":593}
{"timestamp":"2025-10-07T20:59:56.956756Z","level":"warning","event":"The `airflow.operators.trigger_dagrun.TriggerDagRunOperator` attribute is deprecated. Please use `'airflow.providers.standard.operators.trigger_dagrun.TriggerDagRunOperator'`.","category":"DeprecatedImportWarning","filename":"/opt/airflow/dags/customer.py","lineno":9,"logger":"py.warnings"}
{"timestamp":"2025-10-07T20:59:57.204110Z","level":"info","event":"Filling up the DagBag from /opt/airflow/dags/customer.py","logger":"airflow.models.dagbag.DagBag","filename":"dagbag.py","lineno":593}
{"timestamp":"2025-10-07T20:59:57.221026Z","level":"warning","event":"The `airflow.operators.trigger_dagrun.TriggerDagRunOperator` attribute is deprecated. Please use `'airflow.providers.standard.operators.trigger_dagrun.TriggerDagRunOperator'`.","category":"DeprecatedImportWarning","filename":"/opt/airflow/dags/customer.py","lineno":9,"logger":"py.warnings"}
{"timestamp":"2025-10-07T21:00:09.417402Z","level":"info","event":"Filling up the DagBag from /opt/airflow/dags/customer.py","logger":"airflow.models.dagbag.DagBag","filename":"dagbag.py","lineno":593}
{"timestamp":"2025-10-07T21:00:09.432099Z","level":"warning","event":"The `airflow.operators.trigger_dagrun.TriggerDagRunOperator` attribute is deprecated. Please use `'airflow.providers.standard.operators.trigger_dagrun.TriggerDagRunOperator'`.","category":"DeprecatedImportWarning","filename":"/opt/airflow/dags/customer.py","lineno":9,"logger":"py.warnings"}
{"timestamp":"2025-10-07T21:00:39.989434Z","level":"info","event":"Filling up the DagBag from /opt/airflow/dags/customer.py","logger":"airflow.models.dagbag.DagBag","filename":"dagbag.py","lineno":593}
{"timestamp":"2025-10-07T21:00:40.012949Z","level":"warning","event":"The `airflow.operators.trigger_dagrun.TriggerDagRunOperator` attribute is deprecated. Please use `'airflow.providers.standard.operators.trigger_dagrun.TriggerDagRunOperator'`.","category":"DeprecatedImportWarning","filename":"/opt/airflow/dags/customer.py","lineno":9,"logger":"py.warnings"}
{"timestamp":"2025-10-07T21:01:10.522025Z","level":"info","event":"Filling up the DagBag from /opt/airflow/dags/customer.py","logger":"airflow.models.dagbag.DagBag","filename":"dagbag.py","lineno":593}
{"timestamp":"2025-10-07T21:01:10.538849Z","level":"warning","event":"The `airflow.operators.trigger_dagrun.TriggerDagRunOperator` attribute is deprecated. Please use `'airflow.providers.standard.operators.trigger_dagrun.TriggerDagRunOperator'`.","category":"DeprecatedImportWarning","filename":"/opt/airflow/dags/customer.py","lineno":9,"logger":"py.warnings"}
{"timestamp":"2025-10-07T21:01:41.067095Z","level":"info","event":"Filling up the DagBag from /opt/airflow/dags/customer.py","logger":"airflow.models.dagbag.DagBag","filename":"dagbag.py","lineno":593}
{"timestamp":"2025-10-07T21:01:41.082798Z","level":"warning","event":"The `airflow.operators.trigger_dagrun.TriggerDagRunOperator` attribute is deprecated. Please use `'airflow.providers.standard.operators.trigger_dagrun.TriggerDagRunOperator'`.","category":"DeprecatedImportWarning","filename":"/opt/airflow/dags/customer.py","lineno":9,"logger":"py.warnings"}
{"timestamp":"2025-10-07T21:02:11.589971Z","level":"info","event":"Filling up the DagBag from /opt/airflow/dags/customer.py","logger":"airflow.models.dagbag.DagBag","filename":"dagbag.py","lineno":593}
{"timestamp":"2025-10-07T21:02:11.602854Z","level":"warning","event":"The `airflow.operators.trigger_dagrun.TriggerDagRunOperator` attribute is deprecated. Please use `'airflow.providers.standard.operators.trigger_dagrun.TriggerDagRunOperator'`.","category":"DeprecatedImportWarning","filename":"/opt/airflow/dags/customer.py","lineno":9,"logger":"py.warnings"}
{"timestamp":"2025-10-07T21:02:42.123396Z","level":"info","event":"Filling up the DagBag from /opt/airflow/dags/customer.py","logger":"airflow.models.dagbag.DagBag","filename":"dagbag.py","lineno":593}
{"timestamp":"2025-10-07T21:02:42.138108Z","level":"warning","event":"The `airflow.operators.trigger_dagrun.TriggerDagRunOperator` attribute is deprecated. Please use `'airflow.providers.standard.operators.trigger_dagrun.TriggerDagRunOperator'`.","category":"DeprecatedImportWarning","filename":"/opt/airflow/dags/customer.py","lineno":9,"logger":"py.warnings"}
{"timestamp":"2025-10-07T21:03:12.647977Z","level":"info","event":"Filling up the DagBag from /opt/airflow/dags/customer.py","logger":"airflow.models.dagbag.DagBag","filename":"dagbag.py","lineno":593}
{"timestamp":"2025-10-07T21:03:12.668207Z","level":"warning","event":"The `airflow.operators.trigger_dagrun.TriggerDagRunOperator` attribute is deprecated. Please use `'airflow.providers.standard.operators.trigger_dagrun.TriggerDagRunOperator'`.","category":"DeprecatedImportWarning","filename":"/opt/airflow/dags/customer.py","lineno":9,"logger":"py.warnings"}
{"timestamp":"2025-10-07T21:03:43.172143Z","level":"info","event":"Filling up the DagBag from /opt/airflow/dags/customer.py","logger":"airflow.models.dagbag.DagBag","filename":"dagbag.py","lineno":593}
{"timestamp":"2025-10-07T21:03:43.187305Z","level":"warning","event":"The `airflow.operators.trigger_dagrun.TriggerDagRunOperator` attribute is deprecated. Please use `'airflow.providers.standard.operators.trigger_dagrun.TriggerDagRunOperator'`.","category":"DeprecatedImportWarning","filename":"/opt/airflow/dags/customer.py","lineno":9,"logger":"py.warnings"}
{"timestamp":"2025-10-07T21:04:13.694564Z","level":"info","event":"Filling up the DagBag from /opt/airflow/dags/customer.py","logger":"airflow.models.dagbag.DagBag","filename":"dagbag.py","lineno":593}
{"timestamp":"2025-10-07T21:04:13.709246Z","level":"warning","event":"The `airflow.operators.trigger_dagrun.TriggerDagRunOperator` attribute is deprecated. Please use `'airflow.providers.standard.operators.trigger_dagrun.TriggerDagRunOperator'`.","category":"DeprecatedImportWarning","filename":"/opt/airflow/dags/customer.py","lineno":9,"logger":"py.warnings"}
{"timestamp":"2025-10-07T21:04:44.228238Z","level":"info","event":"Filling up the DagBag from /opt/airflow/dags/customer.py","logger":"airflow.models.dagbag.DagBag","filename":"dagbag.py","lineno":593}
{"timestamp":"2025-10-07T21:04:44.242148Z","level":"warning","event":"The `airflow.operators.trigger_dagrun.TriggerDagRunOperator` attribute is deprecated. Please use `'airflow.providers.standard.operators.trigger_dagrun.TriggerDagRunOperator'`.","category":"DeprecatedImportWarning","filename":"/opt/airflow/dags/customer.py","lineno":9,"logger":"py.warnings"}
{"timestamp":"2025-10-07T21:05:14.776589Z","level":"info","event":"Filling up the DagBag from /opt/airflow/dags/customer.py","logger":"airflow.models.dagbag.DagBag","filename":"dagbag.py","lineno":593}
{"timestamp":"2025-10-07T21:05:14.790543Z","level":"warning","event":"The `airflow.operators.trigger_dagrun.TriggerDagRunOperator` attribute is deprecated. Please use `'airflow.providers.standard.operators.trigger_dagrun.TriggerDagRunOperator'`.","category":"DeprecatedImportWarning","filename":"/opt/airflow/dags/customer.py","lineno":9,"logger":"py.warnings"}
{"timestamp":"2025-10-07T21:05:45.337186Z","level":"info","event":"Filling up the DagBag from /opt/airflow/dags/customer.py","logger":"airflow.models.dagbag.DagBag","filename":"dagbag.py","lineno":593}
{"timestamp":"2025-10-07T21:05:45.351317Z","level":"warning","event":"The `airflow.operators.trigger_dagrun.TriggerDagRunOperator` attribute is deprecated. Please use `'airflow.providers.standard.operators.trigger_dagrun.TriggerDagRunOperator'`.","category":"DeprecatedImportWarning","filename":"/opt/airflow/dags/customer.py","lineno":9,"logger":"py.warnings"}
{"timestamp":"2025-10-07T21:06:15.864085Z","level":"info","event":"Filling up the DagBag from /opt/airflow/dags/customer.py","logger":"airflow.models.dagbag.DagBag","filename":"dagbag.py","lineno":593}
{"timestamp":"2025-10-07T21:06:15.879690Z","level":"warning","event":"The `airflow.operators.trigger_dagrun.TriggerDagRunOperator` attribute is deprecated. Please use `'airflow.providers.standard.operators.trigger_dagrun.TriggerDagRunOperator'`.","category":"DeprecatedImportWarning","filename":"/opt/airflow/dags/customer.py","lineno":9,"logger":"py.warnings"}
{"timestamp":"2025-10-07T21:06:46.409327Z","level":"info","event":"Filling up the DagBag from /opt/airflow/dags/customer.py","logger":"airflow.models.dagbag.DagBag","filename":"dagbag.py","lineno":593}
{"timestamp":"2025-10-07T21:06:46.425044Z","level":"warning","event":"The `airflow.operators.trigger_dagrun.TriggerDagRunOperator` attribute is deprecated. Please use `'airflow.providers.standard.operators.trigger_dagrun.TriggerDagRunOperator'`.","category":"DeprecatedImportWarning","filename":"/opt/airflow/dags/customer.py","lineno":9,"logger":"py.warnings"}
{"timestamp":"2025-10-07T21:07:16.808472Z","level":"info","event":"Filling up the DagBag from /opt/airflow/dags/customer.py","logger":"airflow.models.dagbag.DagBag","filename":"dagbag.py","lineno":593}
{"timestamp":"2025-10-07T21:07:16.821700Z","level":"warning","event":"The `airflow.operators.trigger_dagrun.TriggerDagRunOperator` attribute is deprecated. Please use `'airflow.providers.standard.operators.trigger_dagrun.TriggerDagRunOperator'`.","category":"DeprecatedImportWarning","filename":"/opt/airflow/dags/customer.py","lineno":9,"logger":"py.warnings"}
{"timestamp":"2025-10-07T21:07:47.283070Z","level":"info","event":"Filling up the DagBag from /opt/airflow/dags/customer.py","logger":"airflow.models.dagbag.DagBag","filename":"dagbag.py","lineno":593}
{"timestamp":"2025-10-07T21:07:47.306057Z","level":"warning","event":"The `airflow.operators.trigger_dagrun.TriggerDagRunOperator` attribute is deprecated. Please use `'airflow.providers.standard.operators.trigger_dagrun.TriggerDagRunOperator'`.","category":"DeprecatedImportWarning","filename":"/opt/airflow/dags/customer.py","lineno":9,"logger":"py.warnings"}
{"timestamp":"2025-10-07T21:08:17.755429Z","level":"info","event":"Filling up the DagBag from /opt/airflow/dags/customer.py","logger":"airflow.models.dagbag.DagBag","filename":"dagbag.py","lineno":593}
{"timestamp":"2025-10-07T21:08:17.769213Z","level":"warning","event":"The `airflow.operators.trigger_dagrun.TriggerDagRunOperator` attribute is deprecated. Please use `'airflow.providers.standard.operators.trigger_dagrun.TriggerDagRunOperator'`.","category":"DeprecatedImportWarning","filename":"/opt/airflow/dags/customer.py","lineno":9,"logger":"py.warnings"}
{"timestamp":"2025-10-07T21:08:48.315597Z","level":"info","event":"Filling up the DagBag from /opt/airflow/dags/customer.py","logger":"airflow.models.dagbag.DagBag","filename":"dagbag.py","lineno":593}
{"timestamp":"2025-10-07T21:08:48.330416Z","level":"warning","event":"The `airflow.operators.trigger_dagrun.TriggerDagRunOperator` attribute is deprecated. Please use `'airflow.providers.standard.operators.trigger_dagrun.TriggerDagRunOperator'`.","category":"DeprecatedImportWarning","filename":"/opt/airflow/dags/customer.py","lineno":9,"logger":"py.warnings"}
{"timestamp":"2025-10-07T21:09:18.852695Z","level":"info","event":"Filling up the DagBag from /opt/airflow/dags/customer.py","logger":"airflow.models.dagbag.DagBag","filename":"dagbag.py","lineno":593}
{"timestamp":"2025-10-07T21:09:18.869370Z","level":"warning","event":"The `airflow.operators.trigger_dagrun.TriggerDagRunOperator` attribute is deprecated. Please use `'airflow.providers.standard.operators.trigger_dagrun.TriggerDagRunOperator'`.","category":"DeprecatedImportWarning","filename":"/opt/airflow/dags/customer.py","lineno":9,"logger":"py.warnings"}
{"timestamp":"2025-10-07T21:09:49.347356Z","level":"info","event":"Filling up the DagBag from /opt/airflow/dags/customer.py","logger":"airflow.models.dagbag.DagBag","filename":"dagbag.py","lineno":593}
{"timestamp":"2025-10-07T21:09:49.361658Z","level":"warning","event":"The `airflow.operators.trigger_dagrun.TriggerDagRunOperator` attribute is deprecated. Please use `'airflow.providers.standard.operators.trigger_dagrun.TriggerDagRunOperator'`.","category":"DeprecatedImportWarning","filename":"/opt/airflow/dags/customer.py","lineno":9,"logger":"py.warnings"}
{"timestamp":"2025-10-07T21:10:19.790128Z","level":"info","event":"Filling up the DagBag from /opt/airflow/dags/customer.py","logger":"airflow.models.dagbag.DagBag","filename":"dagbag.py","lineno":593}
{"timestamp":"2025-10-07T21:10:19.803517Z","level":"warning","event":"The `airflow.operators.trigger_dagrun.TriggerDagRunOperator` attribute is deprecated. Please use `'airflow.providers.standard.operators.trigger_dagrun.TriggerDagRunOperator'`.","category":"DeprecatedImportWarning","filename":"/opt/airflow/dags/customer.py","lineno":9,"logger":"py.warnings"}
{"timestamp":"2025-10-07T21:10:50.297159Z","level":"info","event":"Filling up the DagBag from /opt/airflow/dags/customer.py","logger":"airflow.models.dagbag.DagBag","filename":"dagbag.py","lineno":593}
{"timestamp":"2025-10-07T21:10:50.312925Z","level":"warning","event":"The `airflow.operators.trigger_dagrun.TriggerDagRunOperator` attribute is deprecated. Please use `'airflow.providers.standard.operators.trigger_dagrun.TriggerDagRunOperator'`.","category":"DeprecatedImportWarning","filename":"/opt/airflow/dags/customer.py","lineno":9,"logger":"py.warnings"}
{"timestamp":"2025-10-07T21:11:20.839607Z","level":"info","event":"Filling up the DagBag from /opt/airflow/dags/customer.py","logger":"airflow.models.dagbag.DagBag","filename":"dagbag.py","lineno":593}
{"timestamp":"2025-10-07T21:11:20.854098Z","level":"warning","event":"The `airflow.operators.trigger_dagrun.TriggerDagRunOperator` attribute is deprecated. Please use `'airflow.providers.standard.operators.trigger_dagrun.TriggerDagRunOperator'`.","category":"DeprecatedImportWarning","filename":"/opt/airflow/dags/customer.py","lineno":9,"logger":"py.warnings"}
{"timestamp":"2025-10-07T21:11:51.384530Z","level":"info","event":"Filling up the DagBag from /opt/airflow/dags/customer.py","logger":"airflow.models.dagbag.DagBag","filename":"dagbag.py","lineno":593}
{"timestamp":"2025-10-07T21:11:51.401799Z","level":"warning","event":"The `airflow.operators.trigger_dagrun.TriggerDagRunOperator` attribute is deprecated. Please use `'airflow.providers.standard.operators.trigger_dagrun.TriggerDagRunOperator'`.","category":"DeprecatedImportWarning","filename":"/opt/airflow/dags/customer.py","lineno":9,"logger":"py.warnings"}
{"timestamp":"2025-10-07T21:12:21.913043Z","level":"info","event":"Filling up the DagBag from /opt/airflow/dags/customer.py","logger":"airflow.models.dagbag.DagBag","filename":"dagbag.py","lineno":593}
{"timestamp":"2025-10-07T21:12:21.930792Z","level":"warning","event":"The `airflow.operators.trigger_dagrun.TriggerDagRunOperator` attribute is deprecated. Please use `'airflow.providers.standard.operators.trigger_dagrun.TriggerDagRunOperator'`.","category":"DeprecatedImportWarning","filename":"/opt/airflow/dags/customer.py","lineno":9,"logger":"py.warnings"}
{"timestamp":"2025-10-07T21:12:52.501906Z","level":"info","event":"Filling up the DagBag from /opt/airflow/dags/customer.py","logger":"airflow.models.dagbag.DagBag","filename":"dagbag.py","lineno":593}
{"timestamp":"2025-10-07T21:12:52.526580Z","level":"warning","event":"The `airflow.operators.trigger_dagrun.TriggerDagRunOperator` attribute is deprecated. Please use `'airflow.providers.standard.operators.trigger_dagrun.TriggerDagRunOperator'`.","category":"DeprecatedImportWarning","filename":"/opt/airflow/dags/customer.py","lineno":9,"logger":"py.warnings"}
{"timestamp":"2025-10-07T21:13:23.039627Z","level":"info","event":"Filling up the DagBag from /opt/airflow/dags/customer.py","logger":"airflow.models.dagbag.DagBag","filename":"dagbag.py","lineno":593}
{"timestamp":"2025-10-07T21:13:23.056059Z","level":"warning","event":"The `airflow.operators.trigger_dagrun.TriggerDagRunOperator` attribute is deprecated. Please use `'airflow.providers.standard.operators.trigger_dagrun.TriggerDagRunOperator'`.","category":"DeprecatedImportWarning","filename":"/opt/airflow/dags/customer.py","lineno":9,"logger":"py.warnings"}
{"timestamp":"2025-10-07T21:13:52.642977Z","level":"info","event":"Filling up the DagBag from /opt/airflow/dags/customer.py","logger":"airflow.models.dagbag.DagBag","filename":"dagbag.py","lineno":593}
{"timestamp":"2025-10-07T21:13:52.662088Z","level":"warning","event":"The `airflow.operators.trigger_dagrun.TriggerDagRunOperator` attribute is deprecated. Please use `'airflow.providers.standard.operators.trigger_dagrun.TriggerDagRunOperator'`.","category":"DeprecatedImportWarning","filename":"/opt/airflow/dags/customer.py","lineno":9,"logger":"py.warnings"}
{"timestamp":"2025-10-07T21:14:21.156096Z","level":"info","event":"Filling up the DagBag from /opt/airflow/dags/customer.py","logger":"airflow.models.dagbag.DagBag","filename":"dagbag.py","lineno":593}
{"timestamp":"2025-10-07T21:14:21.189517Z","level":"warning","event":"The `airflow.operators.trigger_dagrun.TriggerDagRunOperator` attribute is deprecated. Please use `'airflow.providers.standard.operators.trigger_dagrun.TriggerDagRunOperator'`.","category":"DeprecatedImportWarning","filename":"/opt/airflow/dags/customer.py","lineno":9,"logger":"py.warnings"}
{"timestamp":"2025-10-07T21:14:41.658474Z","level":"info","event":"Filling up the DagBag from /opt/airflow/dags/customer.py","logger":"airflow.models.dagbag.DagBag","filename":"dagbag.py","lineno":593}
{"timestamp":"2025-10-07T21:14:41.686941Z","level":"warning","event":"The `airflow.operators.trigger_dagrun.TriggerDagRunOperator` attribute is deprecated. Please use `'airflow.providers.standard.operators.trigger_dagrun.TriggerDagRunOperator'`.","category":"DeprecatedImportWarning","filename":"/opt/airflow/dags/customer.py","lineno":9,"logger":"py.warnings"}
{"timestamp":"2025-10-07T21:15:07.079790Z","level":"info","event":"Filling up the DagBag from /opt/airflow/dags/customer.py","logger":"airflow.models.dagbag.DagBag","filename":"dagbag.py","lineno":593}
{"timestamp":"2025-10-07T21:15:07.102109Z","level":"warning","event":"The `airflow.operators.trigger_dagrun.TriggerDagRunOperator` attribute is deprecated. Please use `'airflow.providers.standard.operators.trigger_dagrun.TriggerDagRunOperator'`.","category":"DeprecatedImportWarning","filename":"/opt/airflow/dags/customer.py","lineno":9,"logger":"py.warnings"}
{"timestamp":"2025-10-07T21:15:37.587943Z","level":"info","event":"Filling up the DagBag from /opt/airflow/dags/customer.py","logger":"airflow.models.dagbag.DagBag","filename":"dagbag.py","lineno":593}
{"timestamp":"2025-10-07T21:15:37.605580Z","level":"warning","event":"The `airflow.operators.trigger_dagrun.TriggerDagRunOperator` attribute is deprecated. Please use `'airflow.providers.standard.operators.trigger_dagrun.TriggerDagRunOperator'`.","category":"DeprecatedImportWarning","filename":"/opt/airflow/dags/customer.py","lineno":9,"logger":"py.warnings"}
{"timestamp":"2025-10-07T21:16:08.055414Z","level":"info","event":"Filling up the DagBag from /opt/airflow/dags/customer.py","logger":"airflow.models.dagbag.DagBag","filename":"dagbag.py","lineno":593}
{"timestamp":"2025-10-07T21:16:08.070662Z","level":"warning","event":"The `airflow.operators.trigger_dagrun.TriggerDagRunOperator` attribute is deprecated. Please use `'airflow.providers.standard.operators.trigger_dagrun.TriggerDagRunOperator'`.","category":"DeprecatedImportWarning","filename":"/opt/airflow/dags/customer.py","lineno":9,"logger":"py.warnings"}
{"timestamp":"2025-10-07T21:16:38.506994Z","level":"info","event":"Filling up the DagBag from /opt/airflow/dags/customer.py","logger":"airflow.models.dagbag.DagBag","filename":"dagbag.py","lineno":593}
{"timestamp":"2025-10-07T21:16:38.520912Z","level":"warning","event":"The `airflow.operators.trigger_dagrun.TriggerDagRunOperator` attribute is deprecated. Please use `'airflow.providers.standard.operators.trigger_dagrun.TriggerDagRunOperator'`.","category":"DeprecatedImportWarning","filename":"/opt/airflow/dags/customer.py","lineno":9,"logger":"py.warnings"}
{"timestamp":"2025-10-07T21:16:45.772690Z","level":"info","event":"Filling up the DagBag from /opt/airflow/dags/customer.py","logger":"airflow.models.dagbag.DagBag","filename":"dagbag.py","lineno":593}
{"timestamp":"2025-10-07T21:16:45.789182Z","level":"warning","event":"The `airflow.operators.trigger_dagrun.TriggerDagRunOperator` attribute is deprecated. Please use `'airflow.providers.standard.operators.trigger_dagrun.TriggerDagRunOperator'`.","category":"DeprecatedImportWarning","filename":"/opt/airflow/dags/customer.py","lineno":9,"logger":"py.warnings"}
{"timestamp":"2025-10-07T21:16:49.898685Z","level":"info","event":"Filling up the DagBag from /opt/airflow/dags/customer.py","logger":"airflow.models.dagbag.DagBag","filename":"dagbag.py","lineno":593}
{"timestamp":"2025-10-07T21:16:49.914639Z","level":"warning","event":"The `airflow.operators.trigger_dagrun.TriggerDagRunOperator` attribute is deprecated. Please use `'airflow.providers.standard.operators.trigger_dagrun.TriggerDagRunOperator'`.","category":"DeprecatedImportWarning","filename":"/opt/airflow/dags/customer.py","lineno":9,"logger":"py.warnings"}
{"timestamp":"2025-10-07T21:17:20.433844Z","level":"info","event":"Filling up the DagBag from /opt/airflow/dags/customer.py","logger":"airflow.models.dagbag.DagBag","filename":"dagbag.py","lineno":593}
{"timestamp":"2025-10-07T21:17:20.450908Z","level":"warning","event":"The `airflow.operators.trigger_dagrun.TriggerDagRunOperator` attribute is deprecated. Please use `'airflow.providers.standard.operators.trigger_dagrun.TriggerDagRunOperator'`.","category":"DeprecatedImportWarning","filename":"/opt/airflow/dags/customer.py","lineno":9,"logger":"py.warnings"}
{"timestamp":"2025-10-07T21:17:50.962499Z","level":"info","event":"Filling up the DagBag from /opt/airflow/dags/customer.py","logger":"airflow.models.dagbag.DagBag","filename":"dagbag.py","lineno":593}
{"timestamp":"2025-10-07T21:17:50.978262Z","level":"warning","event":"The `airflow.operators.trigger_dagrun.TriggerDagRunOperator` attribute is deprecated. Please use `'airflow.providers.standard.operators.trigger_dagrun.TriggerDagRunOperator'`.","category":"DeprecatedImportWarning","filename":"/opt/airflow/dags/customer.py","lineno":9,"logger":"py.warnings"}
{"timestamp":"2025-10-07T21:18:21.468471Z","level":"info","event":"Filling up the DagBag from /opt/airflow/dags/customer.py","logger":"airflow.models.dagbag.DagBag","filename":"dagbag.py","lineno":593}
{"timestamp":"2025-10-07T21:18:21.485330Z","level":"warning","event":"The `airflow.operators.trigger_dagrun.TriggerDagRunOperator` attribute is deprecated. Please use `'airflow.providers.standard.operators.trigger_dagrun.TriggerDagRunOperator'`.","category":"DeprecatedImportWarning","filename":"/opt/airflow/dags/customer.py","lineno":9,"logger":"py.warnings"}
{"timestamp":"2025-10-07T21:18:51.988692Z","level":"info","event":"Filling up the DagBag from /opt/airflow/dags/customer.py","logger":"airflow.models.dagbag.DagBag","filename":"dagbag.py","lineno":593}
{"timestamp":"2025-10-07T21:18:52.008418Z","level":"warning","event":"The `airflow.operators.trigger_dagrun.TriggerDagRunOperator` attribute is deprecated. Please use `'airflow.providers.standard.operators.trigger_dagrun.TriggerDagRunOperator'`.","category":"DeprecatedImportWarning","filename":"/opt/airflow/dags/customer.py","lineno":9,"logger":"py.warnings"}
{"timestamp":"2025-10-07T21:18:58.156823Z","level":"info","event":"Filling up the DagBag from /opt/airflow/dags/customer.py","logger":"airflow.models.dagbag.DagBag","filename":"dagbag.py","lineno":593}
{"timestamp":"2025-10-07T21:18:58.173640Z","level":"warning","event":"The `airflow.operators.trigger_dagrun.TriggerDagRunOperator` attribute is deprecated. Please use `'airflow.providers.standard.operators.trigger_dagrun.TriggerDagRunOperator'`.","category":"DeprecatedImportWarning","filename":"/opt/airflow/dags/customer.py","lineno":9,"logger":"py.warnings"}
{"timestamp":"2025-10-07T21:19:28.663966Z","level":"info","event":"Filling up the DagBag from /opt/airflow/dags/customer.py","logger":"airflow.models.dagbag.DagBag","filename":"dagbag.py","lineno":593}
{"timestamp":"2025-10-07T21:19:28.680184Z","level":"warning","event":"The `airflow.operators.trigger_dagrun.TriggerDagRunOperator` attribute is deprecated. Please use `'airflow.providers.standard.operators.trigger_dagrun.TriggerDagRunOperator'`.","category":"DeprecatedImportWarning","filename":"/opt/airflow/dags/customer.py","lineno":9,"logger":"py.warnings"}
{"timestamp":"2025-10-07T21:19:59.144887Z","level":"info","event":"Filling up the DagBag from /opt/airflow/dags/customer.py","logger":"airflow.models.dagbag.DagBag","filename":"dagbag.py","lineno":593}
{"timestamp":"2025-10-07T21:19:59.159646Z","level":"warning","event":"The `airflow.operators.trigger_dagrun.TriggerDagRunOperator` attribute is deprecated. Please use `'airflow.providers.standard.operators.trigger_dagrun.TriggerDagRunOperator'`.","category":"DeprecatedImportWarning","filename":"/opt/airflow/dags/customer.py","lineno":9,"logger":"py.warnings"}
{"timestamp":"2025-10-07T21:20:29.608153Z","level":"info","event":"Filling up the DagBag from /opt/airflow/dags/customer.py","logger":"airflow.models.dagbag.DagBag","filename":"dagbag.py","lineno":593}
{"timestamp":"2025-10-07T21:20:29.627079Z","level":"warning","event":"The `airflow.operators.trigger_dagrun.TriggerDagRunOperator` attribute is deprecated. Please use `'airflow.providers.standard.operators.trigger_dagrun.TriggerDagRunOperator'`.","category":"DeprecatedImportWarning","filename":"/opt/airflow/dags/customer.py","lineno":9,"logger":"py.warnings"}
{"timestamp":"2025-10-07T21:21:00.047784Z","level":"info","event":"Filling up the DagBag from /opt/airflow/dags/customer.py","logger":"airflow.models.dagbag.DagBag","filename":"dagbag.py","lineno":593}
{"timestamp":"2025-10-07T21:21:00.060959Z","level":"warning","event":"The `airflow.operators.trigger_dagrun.TriggerDagRunOperator` attribute is deprecated. Please use `'airflow.providers.standard.operators.trigger_dagrun.TriggerDagRunOperator'`.","category":"DeprecatedImportWarning","filename":"/opt/airflow/dags/customer.py","lineno":9,"logger":"py.warnings"}
{"timestamp":"2025-10-07T21:21:30.505180Z","level":"info","event":"Filling up the DagBag from /opt/airflow/dags/customer.py","logger":"airflow.models.dagbag.DagBag","filename":"dagbag.py","lineno":593}
{"timestamp":"2025-10-07T21:21:30.521293Z","level":"warning","event":"The `airflow.operators.trigger_dagrun.TriggerDagRunOperator` attribute is deprecated. Please use `'airflow.providers.standard.operators.trigger_dagrun.TriggerDagRunOperator'`.","category":"DeprecatedImportWarning","filename":"/opt/airflow/dags/customer.py","lineno":9,"logger":"py.warnings"}
{"timestamp":"2025-10-07T21:22:01.003181Z","level":"info","event":"Filling up the DagBag from /opt/airflow/dags/customer.py","logger":"airflow.models.dagbag.DagBag","filename":"dagbag.py","lineno":593}
{"timestamp":"2025-10-07T21:22:01.019818Z","level":"warning","event":"The `airflow.operators.trigger_dagrun.TriggerDagRunOperator` attribute is deprecated. Please use `'airflow.providers.standard.operators.trigger_dagrun.TriggerDagRunOperator'`.","category":"DeprecatedImportWarning","filename":"/opt/airflow/dags/customer.py","lineno":9,"logger":"py.warnings"}
{"timestamp":"2025-10-07T21:22:31.499470Z","level":"info","event":"Filling up the DagBag from /opt/airflow/dags/customer.py","logger":"airflow.models.dagbag.DagBag","filename":"dagbag.py","lineno":593}
{"timestamp":"2025-10-07T21:22:31.517371Z","level":"warning","event":"The `airflow.operators.trigger_dagrun.TriggerDagRunOperator` attribute is deprecated. Please use `'airflow.providers.standard.operators.trigger_dagrun.TriggerDagRunOperator'`.","category":"DeprecatedImportWarning","filename":"/opt/airflow/dags/customer.py","lineno":9,"logger":"py.warnings"}
{"timestamp":"2025-10-07T21:23:01.978908Z","level":"info","event":"Filling up the DagBag from /opt/airflow/dags/customer.py","logger":"airflow.models.dagbag.DagBag","filename":"dagbag.py","lineno":593}
{"timestamp":"2025-10-07T21:23:01.993220Z","level":"warning","event":"The `airflow.operators.trigger_dagrun.TriggerDagRunOperator` attribute is deprecated. Please use `'airflow.providers.standard.operators.trigger_dagrun.TriggerDagRunOperator'`.","category":"DeprecatedImportWarning","filename":"/opt/airflow/dags/customer.py","lineno":9,"logger":"py.warnings"}
{"timestamp":"2025-10-07T21:23:10.145179Z","level":"info","event":"Filling up the DagBag from /opt/airflow/dags/customer.py","logger":"airflow.models.dagbag.DagBag","filename":"dagbag.py","lineno":593}
{"timestamp":"2025-10-07T21:23:10.161382Z","level":"warning","event":"The `airflow.operators.trigger_dagrun.TriggerDagRunOperator` attribute is deprecated. Please use `'airflow.providers.standard.operators.trigger_dagrun.TriggerDagRunOperator'`.","category":"DeprecatedImportWarning","filename":"/opt/airflow/dags/customer.py","lineno":9,"logger":"py.warnings"}
{"timestamp":"2025-10-07T21:23:12.246555Z","level":"info","event":"Filling up the DagBag from /opt/airflow/dags/customer.py","logger":"airflow.models.dagbag.DagBag","filename":"dagbag.py","lineno":593}
{"timestamp":"2025-10-07T21:23:12.265730Z","level":"warning","event":"The `airflow.operators.trigger_dagrun.TriggerDagRunOperator` attribute is deprecated. Please use `'airflow.providers.standard.operators.trigger_dagrun.TriggerDagRunOperator'`.","category":"DeprecatedImportWarning","filename":"/opt/airflow/dags/customer.py","lineno":9,"logger":"py.warnings"}
{"timestamp":"2025-10-07T21:23:42.759289Z","level":"info","event":"Filling up the DagBag from /opt/airflow/dags/customer.py","logger":"airflow.models.dagbag.DagBag","filename":"dagbag.py","lineno":593}
{"timestamp":"2025-10-07T21:23:42.779688Z","level":"warning","event":"The `airflow.operators.trigger_dagrun.TriggerDagRunOperator` attribute is deprecated. Please use `'airflow.providers.standard.operators.trigger_dagrun.TriggerDagRunOperator'`.","category":"DeprecatedImportWarning","filename":"/opt/airflow/dags/customer.py","lineno":9,"logger":"py.warnings"}
{"timestamp":"2025-10-07T21:24:13.251974Z","level":"info","event":"Filling up the DagBag from /opt/airflow/dags/customer.py","logger":"airflow.models.dagbag.DagBag","filename":"dagbag.py","lineno":593}
{"timestamp":"2025-10-07T21:24:13.269726Z","level":"warning","event":"The `airflow.operators.trigger_dagrun.TriggerDagRunOperator` attribute is deprecated. Please use `'airflow.providers.standard.operators.trigger_dagrun.TriggerDagRunOperator'`.","category":"DeprecatedImportWarning","filename":"/opt/airflow/dags/customer.py","lineno":9,"logger":"py.warnings"}
{"timestamp":"2025-10-07T21:27:19.102610Z","level":"info","event":"Filling up the DagBag from /opt/airflow/dags/customer.py","logger":"airflow.models.dagbag.DagBag","filename":"dagbag.py","lineno":593}
{"timestamp":"2025-10-07T21:27:19.160248Z","level":"warning","event":"The `airflow.operators.trigger_dagrun.TriggerDagRunOperator` attribute is deprecated. Please use `'airflow.providers.standard.operators.trigger_dagrun.TriggerDagRunOperator'`.","category":"DeprecatedImportWarning","filename":"/opt/airflow/dags/customer.py","lineno":9,"logger":"py.warnings"}
{"timestamp":"2025-10-07T21:27:54.325971Z","level":"info","event":"Filling up the DagBag from /opt/airflow/dags/customer.py","logger":"airflow.models.dagbag.DagBag","filename":"dagbag.py","lineno":593}
{"timestamp":"2025-10-07T21:27:54.360272Z","level":"warning","event":"The `airflow.operators.trigger_dagrun.TriggerDagRunOperator` attribute is deprecated. Please use `'airflow.providers.standard.operators.trigger_dagrun.TriggerDagRunOperator'`.","category":"DeprecatedImportWarning","filename":"/opt/airflow/dags/customer.py","lineno":9,"logger":"py.warnings"}
{"timestamp":"2025-10-07T21:28:24.898246Z","level":"info","event":"Filling up the DagBag from /opt/airflow/dags/customer.py","logger":"airflow.models.dagbag.DagBag","filename":"dagbag.py","lineno":593}
{"timestamp":"2025-10-07T21:28:24.924072Z","level":"warning","event":"The `airflow.operators.trigger_dagrun.TriggerDagRunOperator` attribute is deprecated. Please use `'airflow.providers.standard.operators.trigger_dagrun.TriggerDagRunOperator'`.","category":"DeprecatedImportWarning","filename":"/opt/airflow/dags/customer.py","lineno":9,"logger":"py.warnings"}
{"timestamp":"2025-10-07T21:28:55.436588Z","level":"info","event":"Filling up the DagBag from /opt/airflow/dags/customer.py","logger":"airflow.models.dagbag.DagBag","filename":"dagbag.py","lineno":593}
{"timestamp":"2025-10-07T21:28:55.452391Z","level":"warning","event":"The `airflow.operators.trigger_dagrun.TriggerDagRunOperator` attribute is deprecated. Please use `'airflow.providers.standard.operators.trigger_dagrun.TriggerDagRunOperator'`.","category":"DeprecatedImportWarning","filename":"/opt/airflow/dags/customer.py","lineno":9,"logger":"py.warnings"}
{"timestamp":"2025-10-07T21:29:25.927549Z","level":"info","event":"Filling up the DagBag from /opt/airflow/dags/customer.py","logger":"airflow.models.dagbag.DagBag","filename":"dagbag.py","lineno":593}
{"timestamp":"2025-10-07T21:29:25.943756Z","level":"warning","event":"The `airflow.operators.trigger_dagrun.TriggerDagRunOperator` attribute is deprecated. Please use `'airflow.providers.standard.operators.trigger_dagrun.TriggerDagRunOperator'`.","category":"DeprecatedImportWarning","filename":"/opt/airflow/dags/customer.py","lineno":9,"logger":"py.warnings"}
{"timestamp":"2025-10-07T21:29:56.383665Z","level":"info","event":"Filling up the DagBag from /opt/airflow/dags/customer.py","logger":"airflow.models.dagbag.DagBag","filename":"dagbag.py","lineno":593}
{"timestamp":"2025-10-07T21:29:56.401173Z","level":"warning","event":"The `airflow.operators.trigger_dagrun.TriggerDagRunOperator` attribute is deprecated. Please use `'airflow.providers.standard.operators.trigger_dagrun.TriggerDagRunOperator'`.","category":"DeprecatedImportWarning","filename":"/opt/airflow/dags/customer.py","lineno":9,"logger":"py.warnings"}
{"timestamp":"2025-10-07T21:30:26.804960Z","level":"info","event":"Filling up the DagBag from /opt/airflow/dags/customer.py","logger":"airflow.models.dagbag.DagBag","filename":"dagbag.py","lineno":593}
{"timestamp":"2025-10-07T21:30:26.821876Z","level":"warning","event":"The `airflow.operators.trigger_dagrun.TriggerDagRunOperator` attribute is deprecated. Please use `'airflow.providers.standard.operators.trigger_dagrun.TriggerDagRunOperator'`.","category":"DeprecatedImportWarning","filename":"/opt/airflow/dags/customer.py","lineno":9,"logger":"py.warnings"}
{"timestamp":"2025-10-07T21:30:57.257977Z","level":"info","event":"Filling up the DagBag from /opt/airflow/dags/customer.py","logger":"airflow.models.dagbag.DagBag","filename":"dagbag.py","lineno":593}
{"timestamp":"2025-10-07T21:30:57.272626Z","level":"warning","event":"The `airflow.operators.trigger_dagrun.TriggerDagRunOperator` attribute is deprecated. Please use `'airflow.providers.standard.operators.trigger_dagrun.TriggerDagRunOperator'`.","category":"DeprecatedImportWarning","filename":"/opt/airflow/dags/customer.py","lineno":9,"logger":"py.warnings"}
{"timestamp":"2025-10-07T21:31:27.753130Z","level":"info","event":"Filling up the DagBag from /opt/airflow/dags/customer.py","logger":"airflow.models.dagbag.DagBag","filename":"dagbag.py","lineno":593}
{"timestamp":"2025-10-07T21:31:27.777447Z","level":"warning","event":"The `airflow.operators.trigger_dagrun.TriggerDagRunOperator` attribute is deprecated. Please use `'airflow.providers.standard.operators.trigger_dagrun.TriggerDagRunOperator'`.","category":"DeprecatedImportWarning","filename":"/opt/airflow/dags/customer.py","lineno":9,"logger":"py.warnings"}
{"timestamp":"2025-10-07T21:31:58.515705Z","level":"info","event":"Filling up the DagBag from /opt/airflow/dags/customer.py","logger":"airflow.models.dagbag.DagBag","filename":"dagbag.py","lineno":593}
{"timestamp":"2025-10-07T21:31:59.903329Z","level":"warning","event":"The `airflow.operators.trigger_dagrun.TriggerDagRunOperator` attribute is deprecated. Please use `'airflow.providers.standard.operators.trigger_dagrun.TriggerDagRunOperator'`.","category":"DeprecatedImportWarning","filename":"/opt/airflow/dags/customer.py","lineno":9,"logger":"py.warnings"}
{"timestamp":"2025-10-07T21:32:30.422960Z","level":"info","event":"Filling up the DagBag from /opt/airflow/dags/customer.py","logger":"airflow.models.dagbag.DagBag","filename":"dagbag.py","lineno":593}
{"timestamp":"2025-10-07T21:32:30.440192Z","level":"warning","event":"The `airflow.operators.trigger_dagrun.TriggerDagRunOperator` attribute is deprecated. Please use `'airflow.providers.standard.operators.trigger_dagrun.TriggerDagRunOperator'`.","category":"DeprecatedImportWarning","filename":"/opt/airflow/dags/customer.py","lineno":9,"logger":"py.warnings"}
{"timestamp":"2025-10-07T21:32:43.656079Z","level":"info","event":"Filling up the DagBag from /opt/airflow/dags/customer.py","logger":"airflow.models.dagbag.DagBag","filename":"dagbag.py","lineno":593}
{"timestamp":"2025-10-07T21:32:43.661430Z","level":"error","event":"Failed to import: /opt/airflow/dags/customer.py","logger":"airflow.models.dagbag.DagBag","filename":"dagbag.py","lineno":415,"error_detail":[{"exc_type":"ImportError","exc_value":"cannot import name 'PythonBranchOperator' from 'airflow.providers.standard.operators.python' (/home/airflow/.local/lib/python3.12/site-packages/airflow/providers/standard/operators/python.py)","exc_notes":[],"syntax_error":null,"is_cause":false,"frames":[{"filename":"/home/airflow/.local/lib/python3.12/site-packages/airflow/models/dagbag.py","lineno":405,"name":"parse"},{"filename":"<frozen importlib._bootstrap_external>","lineno":999,"name":"exec_module"},{"filename":"<frozen importlib._bootstrap>","lineno":488,"name":"_call_with_frames_removed"},{"filename":"/opt/airflow/dags/customer.py","lineno":8,"name":"<module>"}],"is_group":false,"exceptions":[]}]}
{"timestamp":"2025-10-07T21:33:06.001218Z","level":"info","event":"Filling up the DagBag from /opt/airflow/dags/customer.py","logger":"airflow.models.dagbag.DagBag","filename":"dagbag.py","lineno":593}
{"timestamp":"2025-10-07T21:33:06.006907Z","level":"error","event":"Failed to import: /opt/airflow/dags/customer.py","logger":"airflow.models.dagbag.DagBag","filename":"dagbag.py","lineno":415,"error_detail":[{"exc_type":"ImportError","exc_value":"cannot import name 'PythonBranchOperator' from 'airflow.providers.standard.operators.python' (/home/airflow/.local/lib/python3.12/site-packages/airflow/providers/standard/operators/python.py)","exc_notes":[],"syntax_error":null,"is_cause":false,"frames":[{"filename":"/home/airflow/.local/lib/python3.12/site-packages/airflow/models/dagbag.py","lineno":405,"name":"parse"},{"filename":"<frozen importlib._bootstrap_external>","lineno":999,"name":"exec_module"},{"filename":"<frozen importlib._bootstrap>","lineno":488,"name":"_call_with_frames_removed"},{"filename":"/opt/airflow/dags/customer.py","lineno":8,"name":"<module>"}],"is_group":false,"exceptions":[]}]}
{"timestamp":"2025-10-07T21:33:36.510034Z","level":"info","event":"Filling up the DagBag from /opt/airflow/dags/customer.py","logger":"airflow.models.dagbag.DagBag","filename":"dagbag.py","lineno":593}
{"timestamp":"2025-10-07T21:33:36.513515Z","level":"error","event":"Failed to import: /opt/airflow/dags/customer.py","logger":"airflow.models.dagbag.DagBag","filename":"dagbag.py","lineno":415,"error_detail":[{"exc_type":"ImportError","exc_value":"cannot import name 'PythonBranchOperator' from 'airflow.providers.standard.operators.python' (/home/airflow/.local/lib/python3.12/site-packages/airflow/providers/standard/operators/python.py)","exc_notes":[],"syntax_error":null,"is_cause":false,"frames":[{"filename":"/home/airflow/.local/lib/python3.12/site-packages/airflow/models/dagbag.py","lineno":405,"name":"parse"},{"filename":"<frozen importlib._bootstrap_external>","lineno":999,"name":"exec_module"},{"filename":"<frozen importlib._bootstrap>","lineno":488,"name":"_call_with_frames_removed"},{"filename":"/opt/airflow/dags/customer.py","lineno":8,"name":"<module>"}],"is_group":false,"exceptions":[]}]}
{"timestamp":"2025-10-07T21:33:56.819467Z","level":"info","event":"Filling up the DagBag from /opt/airflow/dags/customer.py","logger":"airflow.models.dagbag.DagBag","filename":"dagbag.py","lineno":593}
{"timestamp":"2025-10-07T21:33:56.823929Z","level":"error","event":"Failed to import: /opt/airflow/dags/customer.py","logger":"airflow.models.dagbag.DagBag","filename":"dagbag.py","lineno":415,"error_detail":[{"exc_type":"ImportError","exc_value":"cannot import name 'PythonBranchOperator' from 'airflow.providers.standard.operators.python' (/home/airflow/.local/lib/python3.12/site-packages/airflow/providers/standard/operators/python.py)","exc_notes":[],"syntax_error":null,"is_cause":false,"frames":[{"filename":"/home/airflow/.local/lib/python3.12/site-packages/airflow/models/dagbag.py","lineno":405,"name":"parse"},{"filename":"<frozen importlib._bootstrap_external>","lineno":999,"name":"exec_module"},{"filename":"<frozen importlib._bootstrap>","lineno":488,"name":"_call_with_frames_removed"},{"filename":"/opt/airflow/dags/customer.py","lineno":8,"name":"<module>"}],"is_group":false,"exceptions":[]}]}
{"timestamp":"2025-10-07T21:34:26.212406Z","level":"info","event":"Filling up the DagBag from /opt/airflow/dags/customer.py","logger":"airflow.models.dagbag.DagBag","filename":"dagbag.py","lineno":593}
{"timestamp":"2025-10-07T21:34:26.230166Z","level":"error","event":"Failed to import: /opt/airflow/dags/customer.py","logger":"airflow.models.dagbag.DagBag","filename":"dagbag.py","lineno":415,"error_detail":[{"exc_type":"NameError","exc_value":"name 'PythonBranchOperator' is not defined","exc_notes":[],"syntax_error":null,"is_cause":false,"frames":[{"filename":"/home/airflow/.local/lib/python3.12/site-packages/airflow/models/dagbag.py","lineno":405,"name":"parse"},{"filename":"<frozen importlib._bootstrap_external>","lineno":999,"name":"exec_module"},{"filename":"<frozen importlib._bootstrap>","lineno":488,"name":"_call_with_frames_removed"},{"filename":"/opt/airflow/dags/customer.py","lineno":55,"name":"<module>"}],"is_group":false,"exceptions":[]}]}
{"timestamp":"2025-10-07T21:34:26.238446Z","level":"warning","event":"The `airflow.operators.trigger_dagrun.TriggerDagRunOperator` attribute is deprecated. Please use `'airflow.providers.standard.operators.trigger_dagrun.TriggerDagRunOperator'`.","category":"DeprecatedImportWarning","filename":"/opt/airflow/dags/customer.py","lineno":10,"logger":"py.warnings"}
{"timestamp":"2025-10-07T21:34:31.370679Z","level":"info","event":"Filling up the DagBag from /opt/airflow/dags/customer.py","logger":"airflow.models.dagbag.DagBag","filename":"dagbag.py","lineno":593}
{"timestamp":"2025-10-07T21:34:31.390063Z","level":"warning","event":"The `airflow.operators.trigger_dagrun.TriggerDagRunOperator` attribute is deprecated. Please use `'airflow.providers.standard.operators.trigger_dagrun.TriggerDagRunOperator'`.","category":"DeprecatedImportWarning","filename":"/opt/airflow/dags/customer.py","lineno":10,"logger":"py.warnings"}
{"timestamp":"2025-10-07T21:35:01.779300Z","level":"info","event":"Filling up the DagBag from /opt/airflow/dags/customer.py","logger":"airflow.models.dagbag.DagBag","filename":"dagbag.py","lineno":593}
{"timestamp":"2025-10-07T21:35:01.794307Z","level":"warning","event":"The `airflow.operators.trigger_dagrun.TriggerDagRunOperator` attribute is deprecated. Please use `'airflow.providers.standard.operators.trigger_dagrun.TriggerDagRunOperator'`.","category":"DeprecatedImportWarning","filename":"/opt/airflow/dags/customer.py","lineno":10,"logger":"py.warnings"}
{"timestamp":"2025-10-07T21:35:32.136417Z","level":"info","event":"Filling up the DagBag from /opt/airflow/dags/customer.py","logger":"airflow.models.dagbag.DagBag","filename":"dagbag.py","lineno":593}
{"timestamp":"2025-10-07T21:35:32.150150Z","level":"warning","event":"The `airflow.operators.trigger_dagrun.TriggerDagRunOperator` attribute is deprecated. Please use `'airflow.providers.standard.operators.trigger_dagrun.TriggerDagRunOperator'`.","category":"DeprecatedImportWarning","filename":"/opt/airflow/dags/customer.py","lineno":10,"logger":"py.warnings"}
{"timestamp":"2025-10-07T21:36:02.591206Z","level":"info","event":"Filling up the DagBag from /opt/airflow/dags/customer.py","logger":"airflow.models.dagbag.DagBag","filename":"dagbag.py","lineno":593}
{"timestamp":"2025-10-07T21:36:02.613801Z","level":"warning","event":"The `airflow.operators.trigger_dagrun.TriggerDagRunOperator` attribute is deprecated. Please use `'airflow.providers.standard.operators.trigger_dagrun.TriggerDagRunOperator'`.","category":"DeprecatedImportWarning","filename":"/opt/airflow/dags/customer.py","lineno":10,"logger":"py.warnings"}
{"timestamp":"2025-10-07T21:36:20.892701Z","level":"info","event":"Filling up the DagBag from /opt/airflow/dags/customer.py","logger":"airflow.models.dagbag.DagBag","filename":"dagbag.py","lineno":593}
{"timestamp":"2025-10-07T21:36:20.909812Z","level":"warning","event":"The `airflow.operators.trigger_dagrun.TriggerDagRunOperator` attribute is deprecated. Please use `'airflow.providers.standard.operators.trigger_dagrun.TriggerDagRunOperator'`.","category":"DeprecatedImportWarning","filename":"/opt/airflow/dags/customer.py","lineno":10,"logger":"py.warnings"}
{"timestamp":"2025-10-07T21:36:36.181995Z","level":"info","event":"Filling up the DagBag from /opt/airflow/dags/customer.py","logger":"airflow.models.dagbag.DagBag","filename":"dagbag.py","lineno":593}
{"timestamp":"2025-10-07T21:36:36.204006Z","level":"warning","event":"The `airflow.operators.trigger_dagrun.TriggerDagRunOperator` attribute is deprecated. Please use `'airflow.providers.standard.operators.trigger_dagrun.TriggerDagRunOperator'`.","category":"DeprecatedImportWarning","filename":"/opt/airflow/dags/customer.py","lineno":10,"logger":"py.warnings"}
{"timestamp":"2025-10-07T21:36:44.385788Z","level":"info","event":"Filling up the DagBag from /opt/airflow/dags/customer.py","logger":"airflow.models.dagbag.DagBag","filename":"dagbag.py","lineno":593}
{"timestamp":"2025-10-07T21:36:44.404908Z","level":"warning","event":"The `airflow.operators.trigger_dagrun.TriggerDagRunOperator` attribute is deprecated. Please use `'airflow.providers.standard.operators.trigger_dagrun.TriggerDagRunOperator'`.","category":"DeprecatedImportWarning","filename":"/opt/airflow/dags/customer.py","lineno":10,"logger":"py.warnings"}
{"timestamp":"2025-10-07T21:37:14.808707Z","level":"info","event":"Filling up the DagBag from /opt/airflow/dags/customer.py","logger":"airflow.models.dagbag.DagBag","filename":"dagbag.py","lineno":593}
{"timestamp":"2025-10-07T21:37:14.825804Z","level":"warning","event":"The `airflow.operators.trigger_dagrun.TriggerDagRunOperator` attribute is deprecated. Please use `'airflow.providers.standard.operators.trigger_dagrun.TriggerDagRunOperator'`.","category":"DeprecatedImportWarning","filename":"/opt/airflow/dags/customer.py","lineno":10,"logger":"py.warnings"}
{"timestamp":"2025-10-07T21:37:45.243371Z","level":"info","event":"Filling up the DagBag from /opt/airflow/dags/customer.py","logger":"airflow.models.dagbag.DagBag","filename":"dagbag.py","lineno":593}
{"timestamp":"2025-10-07T21:37:45.260990Z","level":"warning","event":"The `airflow.operators.trigger_dagrun.TriggerDagRunOperator` attribute is deprecated. Please use `'airflow.providers.standard.operators.trigger_dagrun.TriggerDagRunOperator'`.","category":"DeprecatedImportWarning","filename":"/opt/airflow/dags/customer.py","lineno":10,"logger":"py.warnings"}
{"timestamp":"2025-10-07T21:38:15.692371Z","level":"info","event":"Filling up the DagBag from /opt/airflow/dags/customer.py","logger":"airflow.models.dagbag.DagBag","filename":"dagbag.py","lineno":593}
{"timestamp":"2025-10-07T21:38:15.706752Z","level":"warning","event":"The `airflow.operators.trigger_dagrun.TriggerDagRunOperator` attribute is deprecated. Please use `'airflow.providers.standard.operators.trigger_dagrun.TriggerDagRunOperator'`.","category":"DeprecatedImportWarning","filename":"/opt/airflow/dags/customer.py","lineno":10,"logger":"py.warnings"}
{"timestamp":"2025-10-07T21:38:46.121305Z","level":"info","event":"Filling up the DagBag from /opt/airflow/dags/customer.py","logger":"airflow.models.dagbag.DagBag","filename":"dagbag.py","lineno":593}
{"timestamp":"2025-10-07T21:38:46.135618Z","level":"warning","event":"The `airflow.operators.trigger_dagrun.TriggerDagRunOperator` attribute is deprecated. Please use `'airflow.providers.standard.operators.trigger_dagrun.TriggerDagRunOperator'`.","category":"DeprecatedImportWarning","filename":"/opt/airflow/dags/customer.py","lineno":10,"logger":"py.warnings"}
{"timestamp":"2025-10-07T21:39:16.544738Z","level":"info","event":"Filling up the DagBag from /opt/airflow/dags/customer.py","logger":"airflow.models.dagbag.DagBag","filename":"dagbag.py","lineno":593}
{"timestamp":"2025-10-07T21:39:16.559908Z","level":"warning","event":"The `airflow.operators.trigger_dagrun.TriggerDagRunOperator` attribute is deprecated. Please use `'airflow.providers.standard.operators.trigger_dagrun.TriggerDagRunOperator'`.","category":"DeprecatedImportWarning","filename":"/opt/airflow/dags/customer.py","lineno":10,"logger":"py.warnings"}
{"timestamp":"2025-10-07T21:39:46.942793Z","level":"info","event":"Filling up the DagBag from /opt/airflow/dags/customer.py","logger":"airflow.models.dagbag.DagBag","filename":"dagbag.py","lineno":593}
{"timestamp":"2025-10-07T21:39:46.956612Z","level":"warning","event":"The `airflow.operators.trigger_dagrun.TriggerDagRunOperator` attribute is deprecated. Please use `'airflow.providers.standard.operators.trigger_dagrun.TriggerDagRunOperator'`.","category":"DeprecatedImportWarning","filename":"/opt/airflow/dags/customer.py","lineno":10,"logger":"py.warnings"}
{"timestamp":"2025-10-07T21:40:17.325276Z","level":"info","event":"Filling up the DagBag from /opt/airflow/dags/customer.py","logger":"airflow.models.dagbag.DagBag","filename":"dagbag.py","lineno":593}
{"timestamp":"2025-10-07T21:40:17.341828Z","level":"warning","event":"The `airflow.operators.trigger_dagrun.TriggerDagRunOperator` attribute is deprecated. Please use `'airflow.providers.standard.operators.trigger_dagrun.TriggerDagRunOperator'`.","category":"DeprecatedImportWarning","filename":"/opt/airflow/dags/customer.py","lineno":10,"logger":"py.warnings"}
{"timestamp":"2025-10-07T21:40:47.685581Z","level":"info","event":"Filling up the DagBag from /opt/airflow/dags/customer.py","logger":"airflow.models.dagbag.DagBag","filename":"dagbag.py","lineno":593}
{"timestamp":"2025-10-07T21:40:47.699434Z","level":"warning","event":"The `airflow.operators.trigger_dagrun.TriggerDagRunOperator` attribute is deprecated. Please use `'airflow.providers.standard.operators.trigger_dagrun.TriggerDagRunOperator'`.","category":"DeprecatedImportWarning","filename":"/opt/airflow/dags/customer.py","lineno":10,"logger":"py.warnings"}
{"timestamp":"2025-10-07T21:41:18.087650Z","level":"info","event":"Filling up the DagBag from /opt/airflow/dags/customer.py","logger":"airflow.models.dagbag.DagBag","filename":"dagbag.py","lineno":593}
{"timestamp":"2025-10-07T21:41:18.101250Z","level":"warning","event":"The `airflow.operators.trigger_dagrun.TriggerDagRunOperator` attribute is deprecated. Please use `'airflow.providers.standard.operators.trigger_dagrun.TriggerDagRunOperator'`.","category":"DeprecatedImportWarning","filename":"/opt/airflow/dags/customer.py","lineno":10,"logger":"py.warnings"}
{"timestamp":"2025-10-07T21:41:48.495436Z","level":"info","event":"Filling up the DagBag from /opt/airflow/dags/customer.py","logger":"airflow.models.dagbag.DagBag","filename":"dagbag.py","lineno":593}
{"timestamp":"2025-10-07T21:41:48.514074Z","level":"warning","event":"The `airflow.operators.trigger_dagrun.TriggerDagRunOperator` attribute is deprecated. Please use `'airflow.providers.standard.operators.trigger_dagrun.TriggerDagRunOperator'`.","category":"DeprecatedImportWarning","filename":"/opt/airflow/dags/customer.py","lineno":10,"logger":"py.warnings"}
{"timestamp":"2025-10-07T21:42:18.930610Z","level":"info","event":"Filling up the DagBag from /opt/airflow/dags/customer.py","logger":"airflow.models.dagbag.DagBag","filename":"dagbag.py","lineno":593}
{"timestamp":"2025-10-07T21:42:18.947666Z","level":"warning","event":"The `airflow.operators.trigger_dagrun.TriggerDagRunOperator` attribute is deprecated. Please use `'airflow.providers.standard.operators.trigger_dagrun.TriggerDagRunOperator'`.","category":"DeprecatedImportWarning","filename":"/opt/airflow/dags/customer.py","lineno":10,"logger":"py.warnings"}
{"timestamp":"2025-10-07T21:42:49.356347Z","level":"info","event":"Filling up the DagBag from /opt/airflow/dags/customer.py","logger":"airflow.models.dagbag.DagBag","filename":"dagbag.py","lineno":593}
{"timestamp":"2025-10-07T21:42:49.371631Z","level":"warning","event":"The `airflow.operators.trigger_dagrun.TriggerDagRunOperator` attribute is deprecated. Please use `'airflow.providers.standard.operators.trigger_dagrun.TriggerDagRunOperator'`.","category":"DeprecatedImportWarning","filename":"/opt/airflow/dags/customer.py","lineno":10,"logger":"py.warnings"}
{"timestamp":"2025-10-07T21:43:19.773960Z","level":"info","event":"Filling up the DagBag from /opt/airflow/dags/customer.py","logger":"airflow.models.dagbag.DagBag","filename":"dagbag.py","lineno":593}
{"timestamp":"2025-10-07T21:43:19.791792Z","level":"warning","event":"The `airflow.operators.trigger_dagrun.TriggerDagRunOperator` attribute is deprecated. Please use `'airflow.providers.standard.operators.trigger_dagrun.TriggerDagRunOperator'`.","category":"DeprecatedImportWarning","filename":"/opt/airflow/dags/customer.py","lineno":10,"logger":"py.warnings"}
{"timestamp":"2025-10-07T21:43:50.315728Z","level":"info","event":"Filling up the DagBag from /opt/airflow/dags/customer.py","logger":"airflow.models.dagbag.DagBag","filename":"dagbag.py","lineno":593}
{"timestamp":"2025-10-07T21:43:50.340050Z","level":"warning","event":"The `airflow.operators.trigger_dagrun.TriggerDagRunOperator` attribute is deprecated. Please use `'airflow.providers.standard.operators.trigger_dagrun.TriggerDagRunOperator'`.","category":"DeprecatedImportWarning","filename":"/opt/airflow/dags/customer.py","lineno":10,"logger":"py.warnings"}
{"timestamp":"2025-10-07T21:44:20.789009Z","level":"info","event":"Filling up the DagBag from /opt/airflow/dags/customer.py","logger":"airflow.models.dagbag.DagBag","filename":"dagbag.py","lineno":593}
{"timestamp":"2025-10-07T21:44:20.804998Z","level":"warning","event":"The `airflow.operators.trigger_dagrun.TriggerDagRunOperator` attribute is deprecated. Please use `'airflow.providers.standard.operators.trigger_dagrun.TriggerDagRunOperator'`.","category":"DeprecatedImportWarning","filename":"/opt/airflow/dags/customer.py","lineno":10,"logger":"py.warnings"}
{"timestamp":"2025-10-07T21:44:51.155351Z","level":"info","event":"Filling up the DagBag from /opt/airflow/dags/customer.py","logger":"airflow.models.dagbag.DagBag","filename":"dagbag.py","lineno":593}
{"timestamp":"2025-10-07T21:44:51.173996Z","level":"warning","event":"The `airflow.operators.trigger_dagrun.TriggerDagRunOperator` attribute is deprecated. Please use `'airflow.providers.standard.operators.trigger_dagrun.TriggerDagRunOperator'`.","category":"DeprecatedImportWarning","filename":"/opt/airflow/dags/customer.py","lineno":10,"logger":"py.warnings"}
{"timestamp":"2025-10-07T21:45:21.518738Z","level":"info","event":"Filling up the DagBag from /opt/airflow/dags/customer.py","logger":"airflow.models.dagbag.DagBag","filename":"dagbag.py","lineno":593}
{"timestamp":"2025-10-07T21:45:21.540718Z","level":"warning","event":"The `airflow.operators.trigger_dagrun.TriggerDagRunOperator` attribute is deprecated. Please use `'airflow.providers.standard.operators.trigger_dagrun.TriggerDagRunOperator'`.","category":"DeprecatedImportWarning","filename":"/opt/airflow/dags/customer.py","lineno":10,"logger":"py.warnings"}
{"timestamp":"2025-10-07T21:45:51.985829Z","level":"info","event":"Filling up the DagBag from /opt/airflow/dags/customer.py","logger":"airflow.models.dagbag.DagBag","filename":"dagbag.py","lineno":593}
{"timestamp":"2025-10-07T21:45:52.007629Z","level":"warning","event":"The `airflow.operators.trigger_dagrun.TriggerDagRunOperator` attribute is deprecated. Please use `'airflow.providers.standard.operators.trigger_dagrun.TriggerDagRunOperator'`.","category":"DeprecatedImportWarning","filename":"/opt/airflow/dags/customer.py","lineno":10,"logger":"py.warnings"}
{"timestamp":"2025-10-07T21:46:22.450091Z","level":"info","event":"Filling up the DagBag from /opt/airflow/dags/customer.py","logger":"airflow.models.dagbag.DagBag","filename":"dagbag.py","lineno":593}
{"timestamp":"2025-10-07T21:46:22.472420Z","level":"warning","event":"The `airflow.operators.trigger_dagrun.TriggerDagRunOperator` attribute is deprecated. Please use `'airflow.providers.standard.operators.trigger_dagrun.TriggerDagRunOperator'`.","category":"DeprecatedImportWarning","filename":"/opt/airflow/dags/customer.py","lineno":10,"logger":"py.warnings"}
{"timestamp":"2025-10-07T21:46:52.629284Z","level":"info","event":"Filling up the DagBag from /opt/airflow/dags/customer.py","logger":"airflow.models.dagbag.DagBag","filename":"dagbag.py","lineno":593}
{"timestamp":"2025-10-07T21:46:52.646015Z","level":"warning","event":"The `airflow.operators.trigger_dagrun.TriggerDagRunOperator` attribute is deprecated. Please use `'airflow.providers.standard.operators.trigger_dagrun.TriggerDagRunOperator'`.","category":"DeprecatedImportWarning","filename":"/opt/airflow/dags/customer.py","lineno":10,"logger":"py.warnings"}
{"timestamp":"2025-10-07T21:47:23.311796Z","level":"info","event":"Filling up the DagBag from /opt/airflow/dags/customer.py","logger":"airflow.models.dagbag.DagBag","filename":"dagbag.py","lineno":593}
{"timestamp":"2025-10-07T21:47:23.329723Z","level":"warning","event":"The `airflow.operators.trigger_dagrun.TriggerDagRunOperator` attribute is deprecated. Please use `'airflow.providers.standard.operators.trigger_dagrun.TriggerDagRunOperator'`.","category":"DeprecatedImportWarning","filename":"/opt/airflow/dags/customer.py","lineno":10,"logger":"py.warnings"}
{"timestamp":"2025-10-07T21:47:53.728441Z","level":"info","event":"Filling up the DagBag from /opt/airflow/dags/customer.py","logger":"airflow.models.dagbag.DagBag","filename":"dagbag.py","lineno":593}
{"timestamp":"2025-10-07T21:47:53.744866Z","level":"warning","event":"The `airflow.operators.trigger_dagrun.TriggerDagRunOperator` attribute is deprecated. Please use `'airflow.providers.standard.operators.trigger_dagrun.TriggerDagRunOperator'`.","category":"DeprecatedImportWarning","filename":"/opt/airflow/dags/customer.py","lineno":10,"logger":"py.warnings"}
{"timestamp":"2025-10-07T21:48:24.139809Z","level":"info","event":"Filling up the DagBag from /opt/airflow/dags/customer.py","logger":"airflow.models.dagbag.DagBag","filename":"dagbag.py","lineno":593}
{"timestamp":"2025-10-07T21:48:24.155247Z","level":"warning","event":"The `airflow.operators.trigger_dagrun.TriggerDagRunOperator` attribute is deprecated. Please use `'airflow.providers.standard.operators.trigger_dagrun.TriggerDagRunOperator'`.","category":"DeprecatedImportWarning","filename":"/opt/airflow/dags/customer.py","lineno":10,"logger":"py.warnings"}
{"timestamp":"2025-10-07T21:48:54.618910Z","level":"info","event":"Filling up the DagBag from /opt/airflow/dags/customer.py","logger":"airflow.models.dagbag.DagBag","filename":"dagbag.py","lineno":593}
{"timestamp":"2025-10-07T21:48:54.641913Z","level":"warning","event":"The `airflow.operators.trigger_dagrun.TriggerDagRunOperator` attribute is deprecated. Please use `'airflow.providers.standard.operators.trigger_dagrun.TriggerDagRunOperator'`.","category":"DeprecatedImportWarning","filename":"/opt/airflow/dags/customer.py","lineno":10,"logger":"py.warnings"}
{"timestamp":"2025-10-07T21:49:25.074315Z","level":"info","event":"Filling up the DagBag from /opt/airflow/dags/customer.py","logger":"airflow.models.dagbag.DagBag","filename":"dagbag.py","lineno":593}
{"timestamp":"2025-10-07T21:49:25.097870Z","level":"warning","event":"The `airflow.operators.trigger_dagrun.TriggerDagRunOperator` attribute is deprecated. Please use `'airflow.providers.standard.operators.trigger_dagrun.TriggerDagRunOperator'`.","category":"DeprecatedImportWarning","filename":"/opt/airflow/dags/customer.py","lineno":10,"logger":"py.warnings"}
{"timestamp":"2025-10-07T21:49:55.506234Z","level":"info","event":"Filling up the DagBag from /opt/airflow/dags/customer.py","logger":"airflow.models.dagbag.DagBag","filename":"dagbag.py","lineno":593}
{"timestamp":"2025-10-07T21:49:55.551231Z","level":"warning","event":"The `airflow.operators.trigger_dagrun.TriggerDagRunOperator` attribute is deprecated. Please use `'airflow.providers.standard.operators.trigger_dagrun.TriggerDagRunOperator'`.","category":"DeprecatedImportWarning","filename":"/opt/airflow/dags/customer.py","lineno":10,"logger":"py.warnings"}
{"timestamp":"2025-10-07T21:50:25.930320Z","level":"info","event":"Filling up the DagBag from /opt/airflow/dags/customer.py","logger":"airflow.models.dagbag.DagBag","filename":"dagbag.py","lineno":593}
{"timestamp":"2025-10-07T21:50:25.948926Z","level":"warning","event":"The `airflow.operators.trigger_dagrun.TriggerDagRunOperator` attribute is deprecated. Please use `'airflow.providers.standard.operators.trigger_dagrun.TriggerDagRunOperator'`.","category":"DeprecatedImportWarning","filename":"/opt/airflow/dags/customer.py","lineno":10,"logger":"py.warnings"}
{"timestamp":"2025-10-07T21:50:56.377335Z","level":"info","event":"Filling up the DagBag from /opt/airflow/dags/customer.py","logger":"airflow.models.dagbag.DagBag","filename":"dagbag.py","lineno":593}
{"timestamp":"2025-10-07T21:50:56.393585Z","level":"warning","event":"The `airflow.operators.trigger_dagrun.TriggerDagRunOperator` attribute is deprecated. Please use `'airflow.providers.standard.operators.trigger_dagrun.TriggerDagRunOperator'`.","category":"DeprecatedImportWarning","filename":"/opt/airflow/dags/customer.py","lineno":10,"logger":"py.warnings"}
{"timestamp":"2025-10-07T21:51:26.806889Z","level":"info","event":"Filling up the DagBag from /opt/airflow/dags/customer.py","logger":"airflow.models.dagbag.DagBag","filename":"dagbag.py","lineno":593}
{"timestamp":"2025-10-07T21:51:26.824285Z","level":"warning","event":"The `airflow.operators.trigger_dagrun.TriggerDagRunOperator` attribute is deprecated. Please use `'airflow.providers.standard.operators.trigger_dagrun.TriggerDagRunOperator'`.","category":"DeprecatedImportWarning","filename":"/opt/airflow/dags/customer.py","lineno":10,"logger":"py.warnings"}
{"timestamp":"2025-10-07T21:51:57.232976Z","level":"info","event":"Filling up the DagBag from /opt/airflow/dags/customer.py","logger":"airflow.models.dagbag.DagBag","filename":"dagbag.py","lineno":593}
{"timestamp":"2025-10-07T21:51:57.250733Z","level":"warning","event":"The `airflow.operators.trigger_dagrun.TriggerDagRunOperator` attribute is deprecated. Please use `'airflow.providers.standard.operators.trigger_dagrun.TriggerDagRunOperator'`.","category":"DeprecatedImportWarning","filename":"/opt/airflow/dags/customer.py","lineno":10,"logger":"py.warnings"}
{"timestamp":"2025-10-07T21:52:27.678517Z","level":"info","event":"Filling up the DagBag from /opt/airflow/dags/customer.py","logger":"airflow.models.dagbag.DagBag","filename":"dagbag.py","lineno":593}
{"timestamp":"2025-10-07T21:52:27.693904Z","level":"warning","event":"The `airflow.operators.trigger_dagrun.TriggerDagRunOperator` attribute is deprecated. Please use `'airflow.providers.standard.operators.trigger_dagrun.TriggerDagRunOperator'`.","category":"DeprecatedImportWarning","filename":"/opt/airflow/dags/customer.py","lineno":10,"logger":"py.warnings"}
{"timestamp":"2025-10-07T21:52:58.133261Z","level":"info","event":"Filling up the DagBag from /opt/airflow/dags/customer.py","logger":"airflow.models.dagbag.DagBag","filename":"dagbag.py","lineno":593}
{"timestamp":"2025-10-07T21:52:58.153880Z","level":"warning","event":"The `airflow.operators.trigger_dagrun.TriggerDagRunOperator` attribute is deprecated. Please use `'airflow.providers.standard.operators.trigger_dagrun.TriggerDagRunOperator'`.","category":"DeprecatedImportWarning","filename":"/opt/airflow/dags/customer.py","lineno":10,"logger":"py.warnings"}
{"timestamp":"2025-10-07T21:53:28.604697Z","level":"info","event":"Filling up the DagBag from /opt/airflow/dags/customer.py","logger":"airflow.models.dagbag.DagBag","filename":"dagbag.py","lineno":593}
{"timestamp":"2025-10-07T21:53:28.636010Z","level":"warning","event":"The `airflow.operators.trigger_dagrun.TriggerDagRunOperator` attribute is deprecated. Please use `'airflow.providers.standard.operators.trigger_dagrun.TriggerDagRunOperator'`.","category":"DeprecatedImportWarning","filename":"/opt/airflow/dags/customer.py","lineno":10,"logger":"py.warnings"}
{"timestamp":"2025-10-07T21:53:59.017685Z","level":"info","event":"Filling up the DagBag from /opt/airflow/dags/customer.py","logger":"airflow.models.dagbag.DagBag","filename":"dagbag.py","lineno":593}
{"timestamp":"2025-10-07T21:53:59.040353Z","level":"warning","event":"The `airflow.operators.trigger_dagrun.TriggerDagRunOperator` attribute is deprecated. Please use `'airflow.providers.standard.operators.trigger_dagrun.TriggerDagRunOperator'`.","category":"DeprecatedImportWarning","filename":"/opt/airflow/dags/customer.py","lineno":10,"logger":"py.warnings"}
{"timestamp":"2025-10-07T21:54:29.398074Z","level":"info","event":"Filling up the DagBag from /opt/airflow/dags/customer.py","logger":"airflow.models.dagbag.DagBag","filename":"dagbag.py","lineno":593}
{"timestamp":"2025-10-07T21:54:29.415342Z","level":"warning","event":"The `airflow.operators.trigger_dagrun.TriggerDagRunOperator` attribute is deprecated. Please use `'airflow.providers.standard.operators.trigger_dagrun.TriggerDagRunOperator'`.","category":"DeprecatedImportWarning","filename":"/opt/airflow/dags/customer.py","lineno":10,"logger":"py.warnings"}
{"timestamp":"2025-10-07T21:54:59.780893Z","level":"info","event":"Filling up the DagBag from /opt/airflow/dags/customer.py","logger":"airflow.models.dagbag.DagBag","filename":"dagbag.py","lineno":593}
{"timestamp":"2025-10-07T21:54:59.794486Z","level":"warning","event":"The `airflow.operators.trigger_dagrun.TriggerDagRunOperator` attribute is deprecated. Please use `'airflow.providers.standard.operators.trigger_dagrun.TriggerDagRunOperator'`.","category":"DeprecatedImportWarning","filename":"/opt/airflow/dags/customer.py","lineno":10,"logger":"py.warnings"}
{"timestamp":"2025-10-07T21:55:30.192002Z","level":"info","event":"Filling up the DagBag from /opt/airflow/dags/customer.py","logger":"airflow.models.dagbag.DagBag","filename":"dagbag.py","lineno":593}
{"timestamp":"2025-10-07T21:55:30.206901Z","level":"warning","event":"The `airflow.operators.trigger_dagrun.TriggerDagRunOperator` attribute is deprecated. Please use `'airflow.providers.standard.operators.trigger_dagrun.TriggerDagRunOperator'`.","category":"DeprecatedImportWarning","filename":"/opt/airflow/dags/customer.py","lineno":10,"logger":"py.warnings"}
{"timestamp":"2025-10-07T21:56:00.586218Z","level":"info","event":"Filling up the DagBag from /opt/airflow/dags/customer.py","logger":"airflow.models.dagbag.DagBag","filename":"dagbag.py","lineno":593}
{"timestamp":"2025-10-07T21:56:00.600479Z","level":"warning","event":"The `airflow.operators.trigger_dagrun.TriggerDagRunOperator` attribute is deprecated. Please use `'airflow.providers.standard.operators.trigger_dagrun.TriggerDagRunOperator'`.","category":"DeprecatedImportWarning","filename":"/opt/airflow/dags/customer.py","lineno":10,"logger":"py.warnings"}
{"timestamp":"2025-10-07T21:56:30.971429Z","level":"info","event":"Filling up the DagBag from /opt/airflow/dags/customer.py","logger":"airflow.models.dagbag.DagBag","filename":"dagbag.py","lineno":593}
{"timestamp":"2025-10-07T21:56:30.987087Z","level":"warning","event":"The `airflow.operators.trigger_dagrun.TriggerDagRunOperator` attribute is deprecated. Please use `'airflow.providers.standard.operators.trigger_dagrun.TriggerDagRunOperator'`.","category":"DeprecatedImportWarning","filename":"/opt/airflow/dags/customer.py","lineno":10,"logger":"py.warnings"}
{"timestamp":"2025-10-07T21:57:01.394805Z","level":"info","event":"Filling up the DagBag from /opt/airflow/dags/customer.py","logger":"airflow.models.dagbag.DagBag","filename":"dagbag.py","lineno":593}
{"timestamp":"2025-10-07T21:57:01.425784Z","level":"warning","event":"The `airflow.operators.trigger_dagrun.TriggerDagRunOperator` attribute is deprecated. Please use `'airflow.providers.standard.operators.trigger_dagrun.TriggerDagRunOperator'`.","category":"DeprecatedImportWarning","filename":"/opt/airflow/dags/customer.py","lineno":10,"logger":"py.warnings"}
{"timestamp":"2025-10-07T21:57:31.851997Z","level":"info","event":"Filling up the DagBag from /opt/airflow/dags/customer.py","logger":"airflow.models.dagbag.DagBag","filename":"dagbag.py","lineno":593}
{"timestamp":"2025-10-07T21:57:31.872737Z","level":"warning","event":"The `airflow.operators.trigger_dagrun.TriggerDagRunOperator` attribute is deprecated. Please use `'airflow.providers.standard.operators.trigger_dagrun.TriggerDagRunOperator'`.","category":"DeprecatedImportWarning","filename":"/opt/airflow/dags/customer.py","lineno":10,"logger":"py.warnings"}
{"timestamp":"2025-10-07T21:58:02.290695Z","level":"info","event":"Filling up the DagBag from /opt/airflow/dags/customer.py","logger":"airflow.models.dagbag.DagBag","filename":"dagbag.py","lineno":593}
{"timestamp":"2025-10-07T21:58:02.315178Z","level":"warning","event":"The `airflow.operators.trigger_dagrun.TriggerDagRunOperator` attribute is deprecated. Please use `'airflow.providers.standard.operators.trigger_dagrun.TriggerDagRunOperator'`.","category":"DeprecatedImportWarning","filename":"/opt/airflow/dags/customer.py","lineno":10,"logger":"py.warnings"}
{"timestamp":"2025-10-07T21:58:32.682505Z","level":"info","event":"Filling up the DagBag from /opt/airflow/dags/customer.py","logger":"airflow.models.dagbag.DagBag","filename":"dagbag.py","lineno":593}
{"timestamp":"2025-10-07T21:58:32.699327Z","level":"warning","event":"The `airflow.operators.trigger_dagrun.TriggerDagRunOperator` attribute is deprecated. Please use `'airflow.providers.standard.operators.trigger_dagrun.TriggerDagRunOperator'`.","category":"DeprecatedImportWarning","filename":"/opt/airflow/dags/customer.py","lineno":10,"logger":"py.warnings"}
{"timestamp":"2025-10-07T21:59:03.036243Z","level":"info","event":"Filling up the DagBag from /opt/airflow/dags/customer.py","logger":"airflow.models.dagbag.DagBag","filename":"dagbag.py","lineno":593}
{"timestamp":"2025-10-07T21:59:03.050042Z","level":"warning","event":"The `airflow.operators.trigger_dagrun.TriggerDagRunOperator` attribute is deprecated. Please use `'airflow.providers.standard.operators.trigger_dagrun.TriggerDagRunOperator'`.","category":"DeprecatedImportWarning","filename":"/opt/airflow/dags/customer.py","lineno":10,"logger":"py.warnings"}
{"timestamp":"2025-10-07T21:59:33.376121Z","level":"info","event":"Filling up the DagBag from /opt/airflow/dags/customer.py","logger":"airflow.models.dagbag.DagBag","filename":"dagbag.py","lineno":593}
{"timestamp":"2025-10-07T21:59:33.391389Z","level":"warning","event":"The `airflow.operators.trigger_dagrun.TriggerDagRunOperator` attribute is deprecated. Please use `'airflow.providers.standard.operators.trigger_dagrun.TriggerDagRunOperator'`.","category":"DeprecatedImportWarning","filename":"/opt/airflow/dags/customer.py","lineno":10,"logger":"py.warnings"}
{"timestamp":"2025-10-07T22:00:03.771209Z","level":"info","event":"Filling up the DagBag from /opt/airflow/dags/customer.py","logger":"airflow.models.dagbag.DagBag","filename":"dagbag.py","lineno":593}
{"timestamp":"2025-10-07T22:00:03.785911Z","level":"warning","event":"The `airflow.operators.trigger_dagrun.TriggerDagRunOperator` attribute is deprecated. Please use `'airflow.providers.standard.operators.trigger_dagrun.TriggerDagRunOperator'`.","category":"DeprecatedImportWarning","filename":"/opt/airflow/dags/customer.py","lineno":10,"logger":"py.warnings"}
{"timestamp":"2025-10-07T22:00:34.192774Z","level":"info","event":"Filling up the DagBag from /opt/airflow/dags/customer.py","logger":"airflow.models.dagbag.DagBag","filename":"dagbag.py","lineno":593}
{"timestamp":"2025-10-07T22:00:34.222468Z","level":"warning","event":"The `airflow.operators.trigger_dagrun.TriggerDagRunOperator` attribute is deprecated. Please use `'airflow.providers.standard.operators.trigger_dagrun.TriggerDagRunOperator'`.","category":"DeprecatedImportWarning","filename":"/opt/airflow/dags/customer.py","lineno":10,"logger":"py.warnings"}
{"timestamp":"2025-10-07T22:01:04.584638Z","level":"info","event":"Filling up the DagBag from /opt/airflow/dags/customer.py","logger":"airflow.models.dagbag.DagBag","filename":"dagbag.py","lineno":593}
{"timestamp":"2025-10-07T22:01:04.606617Z","level":"warning","event":"The `airflow.operators.trigger_dagrun.TriggerDagRunOperator` attribute is deprecated. Please use `'airflow.providers.standard.operators.trigger_dagrun.TriggerDagRunOperator'`.","category":"DeprecatedImportWarning","filename":"/opt/airflow/dags/customer.py","lineno":10,"logger":"py.warnings"}
{"timestamp":"2025-10-07T22:01:34.931775Z","level":"info","event":"Filling up the DagBag from /opt/airflow/dags/customer.py","logger":"airflow.models.dagbag.DagBag","filename":"dagbag.py","lineno":593}
{"timestamp":"2025-10-07T22:01:34.949481Z","level":"warning","event":"The `airflow.operators.trigger_dagrun.TriggerDagRunOperator` attribute is deprecated. Please use `'airflow.providers.standard.operators.trigger_dagrun.TriggerDagRunOperator'`.","category":"DeprecatedImportWarning","filename":"/opt/airflow/dags/customer.py","lineno":10,"logger":"py.warnings"}
{"timestamp":"2025-10-07T22:02:05.264166Z","level":"info","event":"Filling up the DagBag from /opt/airflow/dags/customer.py","logger":"airflow.models.dagbag.DagBag","filename":"dagbag.py","lineno":593}
{"timestamp":"2025-10-07T22:02:05.278982Z","level":"warning","event":"The `airflow.operators.trigger_dagrun.TriggerDagRunOperator` attribute is deprecated. Please use `'airflow.providers.standard.operators.trigger_dagrun.TriggerDagRunOperator'`.","category":"DeprecatedImportWarning","filename":"/opt/airflow/dags/customer.py","lineno":10,"logger":"py.warnings"}
{"timestamp":"2025-10-07T22:02:35.793415Z","level":"info","event":"Filling up the DagBag from /opt/airflow/dags/customer.py","logger":"airflow.models.dagbag.DagBag","filename":"dagbag.py","lineno":593}
{"timestamp":"2025-10-07T22:02:35.819506Z","level":"warning","event":"The `airflow.operators.trigger_dagrun.TriggerDagRunOperator` attribute is deprecated. Please use `'airflow.providers.standard.operators.trigger_dagrun.TriggerDagRunOperator'`.","category":"DeprecatedImportWarning","filename":"/opt/airflow/dags/customer.py","lineno":10,"logger":"py.warnings"}
{"timestamp":"2025-10-07T22:03:06.156222Z","level":"info","event":"Filling up the DagBag from /opt/airflow/dags/customer.py","logger":"airflow.models.dagbag.DagBag","filename":"dagbag.py","lineno":593}
{"timestamp":"2025-10-07T22:03:06.174689Z","level":"warning","event":"The `airflow.operators.trigger_dagrun.TriggerDagRunOperator` attribute is deprecated. Please use `'airflow.providers.standard.operators.trigger_dagrun.TriggerDagRunOperator'`.","category":"DeprecatedImportWarning","filename":"/opt/airflow/dags/customer.py","lineno":10,"logger":"py.warnings"}
{"timestamp":"2025-10-07T22:03:36.443009Z","level":"info","event":"Filling up the DagBag from /opt/airflow/dags/customer.py","logger":"airflow.models.dagbag.DagBag","filename":"dagbag.py","lineno":593}
{"timestamp":"2025-10-07T22:03:36.457660Z","level":"warning","event":"The `airflow.operators.trigger_dagrun.TriggerDagRunOperator` attribute is deprecated. Please use `'airflow.providers.standard.operators.trigger_dagrun.TriggerDagRunOperator'`.","category":"DeprecatedImportWarning","filename":"/opt/airflow/dags/customer.py","lineno":10,"logger":"py.warnings"}
{"timestamp":"2025-10-07T22:04:06.885113Z","level":"info","event":"Filling up the DagBag from /opt/airflow/dags/customer.py","logger":"airflow.models.dagbag.DagBag","filename":"dagbag.py","lineno":593}
{"timestamp":"2025-10-07T22:04:06.903427Z","level":"warning","event":"The `airflow.operators.trigger_dagrun.TriggerDagRunOperator` attribute is deprecated. Please use `'airflow.providers.standard.operators.trigger_dagrun.TriggerDagRunOperator'`.","category":"DeprecatedImportWarning","filename":"/opt/airflow/dags/customer.py","lineno":10,"logger":"py.warnings"}
{"timestamp":"2025-10-07T22:04:37.300122Z","level":"info","event":"Filling up the DagBag from /opt/airflow/dags/customer.py","logger":"airflow.models.dagbag.DagBag","filename":"dagbag.py","lineno":593}
{"timestamp":"2025-10-07T22:04:37.333584Z","level":"warning","event":"The `airflow.operators.trigger_dagrun.TriggerDagRunOperator` attribute is deprecated. Please use `'airflow.providers.standard.operators.trigger_dagrun.TriggerDagRunOperator'`.","category":"DeprecatedImportWarning","filename":"/opt/airflow/dags/customer.py","lineno":10,"logger":"py.warnings"}
{"timestamp":"2025-10-07T22:05:07.697519Z","level":"info","event":"Filling up the DagBag from /opt/airflow/dags/customer.py","logger":"airflow.models.dagbag.DagBag","filename":"dagbag.py","lineno":593}
{"timestamp":"2025-10-07T22:05:07.715816Z","level":"warning","event":"The `airflow.operators.trigger_dagrun.TriggerDagRunOperator` attribute is deprecated. Please use `'airflow.providers.standard.operators.trigger_dagrun.TriggerDagRunOperator'`.","category":"DeprecatedImportWarning","filename":"/opt/airflow/dags/customer.py","lineno":10,"logger":"py.warnings"}
{"timestamp":"2025-10-07T22:05:38.154339Z","level":"info","event":"Filling up the DagBag from /opt/airflow/dags/customer.py","logger":"airflow.models.dagbag.DagBag","filename":"dagbag.py","lineno":593}
{"timestamp":"2025-10-07T22:05:38.169657Z","level":"warning","event":"The `airflow.operators.trigger_dagrun.TriggerDagRunOperator` attribute is deprecated. Please use `'airflow.providers.standard.operators.trigger_dagrun.TriggerDagRunOperator'`.","category":"DeprecatedImportWarning","filename":"/opt/airflow/dags/customer.py","lineno":10,"logger":"py.warnings"}
{"timestamp":"2025-10-07T22:06:08.557120Z","level":"info","event":"Filling up the DagBag from /opt/airflow/dags/customer.py","logger":"airflow.models.dagbag.DagBag","filename":"dagbag.py","lineno":593}
{"timestamp":"2025-10-07T22:06:08.582456Z","level":"warning","event":"The `airflow.operators.trigger_dagrun.TriggerDagRunOperator` attribute is deprecated. Please use `'airflow.providers.standard.operators.trigger_dagrun.TriggerDagRunOperator'`.","category":"DeprecatedImportWarning","filename":"/opt/airflow/dags/customer.py","lineno":10,"logger":"py.warnings"}
{"timestamp":"2025-10-07T22:06:38.900807Z","level":"info","event":"Filling up the DagBag from /opt/airflow/dags/customer.py","logger":"airflow.models.dagbag.DagBag","filename":"dagbag.py","lineno":593}
{"timestamp":"2025-10-07T22:06:38.917353Z","level":"warning","event":"The `airflow.operators.trigger_dagrun.TriggerDagRunOperator` attribute is deprecated. Please use `'airflow.providers.standard.operators.trigger_dagrun.TriggerDagRunOperator'`.","category":"DeprecatedImportWarning","filename":"/opt/airflow/dags/customer.py","lineno":10,"logger":"py.warnings"}
{"timestamp":"2025-10-07T22:07:09.329638Z","level":"info","event":"Filling up the DagBag from /opt/airflow/dags/customer.py","logger":"airflow.models.dagbag.DagBag","filename":"dagbag.py","lineno":593}
{"timestamp":"2025-10-07T22:07:09.357760Z","level":"warning","event":"The `airflow.operators.trigger_dagrun.TriggerDagRunOperator` attribute is deprecated. Please use `'airflow.providers.standard.operators.trigger_dagrun.TriggerDagRunOperator'`.","category":"DeprecatedImportWarning","filename":"/opt/airflow/dags/customer.py","lineno":10,"logger":"py.warnings"}
{"timestamp":"2025-10-07T22:07:39.638155Z","level":"info","event":"Filling up the DagBag from /opt/airflow/dags/customer.py","logger":"airflow.models.dagbag.DagBag","filename":"dagbag.py","lineno":593}
{"timestamp":"2025-10-07T22:07:39.661279Z","level":"warning","event":"The `airflow.operators.trigger_dagrun.TriggerDagRunOperator` attribute is deprecated. Please use `'airflow.providers.standard.operators.trigger_dagrun.TriggerDagRunOperator'`.","category":"DeprecatedImportWarning","filename":"/opt/airflow/dags/customer.py","lineno":10,"logger":"py.warnings"}
{"timestamp":"2025-10-07T22:08:10.022459Z","level":"info","event":"Filling up the DagBag from /opt/airflow/dags/customer.py","logger":"airflow.models.dagbag.DagBag","filename":"dagbag.py","lineno":593}
{"timestamp":"2025-10-07T22:08:10.055806Z","level":"warning","event":"The `airflow.operators.trigger_dagrun.TriggerDagRunOperator` attribute is deprecated. Please use `'airflow.providers.standard.operators.trigger_dagrun.TriggerDagRunOperator'`.","category":"DeprecatedImportWarning","filename":"/opt/airflow/dags/customer.py","lineno":10,"logger":"py.warnings"}
{"timestamp":"2025-10-07T22:08:40.365286Z","level":"info","event":"Filling up the DagBag from /opt/airflow/dags/customer.py","logger":"airflow.models.dagbag.DagBag","filename":"dagbag.py","lineno":593}
{"timestamp":"2025-10-07T22:08:40.382397Z","level":"warning","event":"The `airflow.operators.trigger_dagrun.TriggerDagRunOperator` attribute is deprecated. Please use `'airflow.providers.standard.operators.trigger_dagrun.TriggerDagRunOperator'`.","category":"DeprecatedImportWarning","filename":"/opt/airflow/dags/customer.py","lineno":10,"logger":"py.warnings"}
{"timestamp":"2025-10-07T22:09:10.762298Z","level":"info","event":"Filling up the DagBag from /opt/airflow/dags/customer.py","logger":"airflow.models.dagbag.DagBag","filename":"dagbag.py","lineno":593}
{"timestamp":"2025-10-07T22:09:10.778175Z","level":"warning","event":"The `airflow.operators.trigger_dagrun.TriggerDagRunOperator` attribute is deprecated. Please use `'airflow.providers.standard.operators.trigger_dagrun.TriggerDagRunOperator'`.","category":"DeprecatedImportWarning","filename":"/opt/airflow/dags/customer.py","lineno":10,"logger":"py.warnings"}
{"timestamp":"2025-10-07T22:09:41.183304Z","level":"info","event":"Filling up the DagBag from /opt/airflow/dags/customer.py","logger":"airflow.models.dagbag.DagBag","filename":"dagbag.py","lineno":593}
{"timestamp":"2025-10-07T22:09:41.199553Z","level":"warning","event":"The `airflow.operators.trigger_dagrun.TriggerDagRunOperator` attribute is deprecated. Please use `'airflow.providers.standard.operators.trigger_dagrun.TriggerDagRunOperator'`.","category":"DeprecatedImportWarning","filename":"/opt/airflow/dags/customer.py","lineno":10,"logger":"py.warnings"}
{"timestamp":"2025-10-07T22:10:11.598483Z","level":"info","event":"Filling up the DagBag from /opt/airflow/dags/customer.py","logger":"airflow.models.dagbag.DagBag","filename":"dagbag.py","lineno":593}
{"timestamp":"2025-10-07T22:10:11.619521Z","level":"warning","event":"The `airflow.operators.trigger_dagrun.TriggerDagRunOperator` attribute is deprecated. Please use `'airflow.providers.standard.operators.trigger_dagrun.TriggerDagRunOperator'`.","category":"DeprecatedImportWarning","filename":"/opt/airflow/dags/customer.py","lineno":10,"logger":"py.warnings"}
{"timestamp":"2025-10-07T22:10:42.015166Z","level":"info","event":"Filling up the DagBag from /opt/airflow/dags/customer.py","logger":"airflow.models.dagbag.DagBag","filename":"dagbag.py","lineno":593}
{"timestamp":"2025-10-07T22:10:42.030400Z","level":"warning","event":"The `airflow.operators.trigger_dagrun.TriggerDagRunOperator` attribute is deprecated. Please use `'airflow.providers.standard.operators.trigger_dagrun.TriggerDagRunOperator'`.","category":"DeprecatedImportWarning","filename":"/opt/airflow/dags/customer.py","lineno":10,"logger":"py.warnings"}
{"timestamp":"2025-10-07T22:11:12.529016Z","level":"info","event":"Filling up the DagBag from /opt/airflow/dags/customer.py","logger":"airflow.models.dagbag.DagBag","filename":"dagbag.py","lineno":593}
{"timestamp":"2025-10-07T22:11:12.591651Z","level":"warning","event":"The `airflow.operators.trigger_dagrun.TriggerDagRunOperator` attribute is deprecated. Please use `'airflow.providers.standard.operators.trigger_dagrun.TriggerDagRunOperator'`.","category":"DeprecatedImportWarning","filename":"/opt/airflow/dags/customer.py","lineno":10,"logger":"py.warnings"}
{"timestamp":"2025-10-07T22:11:43.175113Z","level":"info","event":"Filling up the DagBag from /opt/airflow/dags/customer.py","logger":"airflow.models.dagbag.DagBag","filename":"dagbag.py","lineno":593}
{"timestamp":"2025-10-07T22:11:43.213374Z","level":"warning","event":"The `airflow.operators.trigger_dagrun.TriggerDagRunOperator` attribute is deprecated. Please use `'airflow.providers.standard.operators.trigger_dagrun.TriggerDagRunOperator'`.","category":"DeprecatedImportWarning","filename":"/opt/airflow/dags/customer.py","lineno":10,"logger":"py.warnings"}
{"timestamp":"2025-10-07T22:12:13.546516Z","level":"info","event":"Filling up the DagBag from /opt/airflow/dags/customer.py","logger":"airflow.models.dagbag.DagBag","filename":"dagbag.py","lineno":593}
{"timestamp":"2025-10-07T22:12:13.559769Z","level":"warning","event":"The `airflow.operators.trigger_dagrun.TriggerDagRunOperator` attribute is deprecated. Please use `'airflow.providers.standard.operators.trigger_dagrun.TriggerDagRunOperator'`.","category":"DeprecatedImportWarning","filename":"/opt/airflow/dags/customer.py","lineno":10,"logger":"py.warnings"}
{"timestamp":"2025-10-07T22:12:44.013893Z","level":"info","event":"Filling up the DagBag from /opt/airflow/dags/customer.py","logger":"airflow.models.dagbag.DagBag","filename":"dagbag.py","lineno":593}
{"timestamp":"2025-10-07T22:12:44.027251Z","level":"warning","event":"The `airflow.operators.trigger_dagrun.TriggerDagRunOperator` attribute is deprecated. Please use `'airflow.providers.standard.operators.trigger_dagrun.TriggerDagRunOperator'`.","category":"DeprecatedImportWarning","filename":"/opt/airflow/dags/customer.py","lineno":10,"logger":"py.warnings"}
{"timestamp":"2025-10-07T22:13:14.377657Z","level":"info","event":"Filling up the DagBag from /opt/airflow/dags/customer.py","logger":"airflow.models.dagbag.DagBag","filename":"dagbag.py","lineno":593}
{"timestamp":"2025-10-07T22:13:14.402779Z","level":"warning","event":"The `airflow.operators.trigger_dagrun.TriggerDagRunOperator` attribute is deprecated. Please use `'airflow.providers.standard.operators.trigger_dagrun.TriggerDagRunOperator'`.","category":"DeprecatedImportWarning","filename":"/opt/airflow/dags/customer.py","lineno":10,"logger":"py.warnings"}
{"timestamp":"2025-10-07T22:13:44.742109Z","level":"info","event":"Filling up the DagBag from /opt/airflow/dags/customer.py","logger":"airflow.models.dagbag.DagBag","filename":"dagbag.py","lineno":593}
{"timestamp":"2025-10-07T22:13:44.756311Z","level":"warning","event":"The `airflow.operators.trigger_dagrun.TriggerDagRunOperator` attribute is deprecated. Please use `'airflow.providers.standard.operators.trigger_dagrun.TriggerDagRunOperator'`.","category":"DeprecatedImportWarning","filename":"/opt/airflow/dags/customer.py","lineno":10,"logger":"py.warnings"}
{"timestamp":"2025-10-07T22:14:15.574642Z","level":"info","event":"Filling up the DagBag from /opt/airflow/dags/customer.py","logger":"airflow.models.dagbag.DagBag","filename":"dagbag.py","lineno":593}
{"timestamp":"2025-10-07T22:14:15.621680Z","level":"warning","event":"The `airflow.operators.trigger_dagrun.TriggerDagRunOperator` attribute is deprecated. Please use `'airflow.providers.standard.operators.trigger_dagrun.TriggerDagRunOperator'`.","category":"DeprecatedImportWarning","filename":"/opt/airflow/dags/customer.py","lineno":10,"logger":"py.warnings"}
{"timestamp":"2025-10-07T22:14:45.973252Z","level":"info","event":"Filling up the DagBag from /opt/airflow/dags/customer.py","logger":"airflow.models.dagbag.DagBag","filename":"dagbag.py","lineno":593}
{"timestamp":"2025-10-07T22:14:45.997453Z","level":"warning","event":"The `airflow.operators.trigger_dagrun.TriggerDagRunOperator` attribute is deprecated. Please use `'airflow.providers.standard.operators.trigger_dagrun.TriggerDagRunOperator'`.","category":"DeprecatedImportWarning","filename":"/opt/airflow/dags/customer.py","lineno":10,"logger":"py.warnings"}
{"timestamp":"2025-10-07T22:15:16.327675Z","level":"info","event":"Filling up the DagBag from /opt/airflow/dags/customer.py","logger":"airflow.models.dagbag.DagBag","filename":"dagbag.py","lineno":593}
{"timestamp":"2025-10-07T22:15:16.348682Z","level":"warning","event":"The `airflow.operators.trigger_dagrun.TriggerDagRunOperator` attribute is deprecated. Please use `'airflow.providers.standard.operators.trigger_dagrun.TriggerDagRunOperator'`.","category":"DeprecatedImportWarning","filename":"/opt/airflow/dags/customer.py","lineno":10,"logger":"py.warnings"}
{"timestamp":"2025-10-07T22:15:46.682176Z","level":"info","event":"Filling up the DagBag from /opt/airflow/dags/customer.py","logger":"airflow.models.dagbag.DagBag","filename":"dagbag.py","lineno":593}
{"timestamp":"2025-10-07T22:15:46.700553Z","level":"warning","event":"The `airflow.operators.trigger_dagrun.TriggerDagRunOperator` attribute is deprecated. Please use `'airflow.providers.standard.operators.trigger_dagrun.TriggerDagRunOperator'`.","category":"DeprecatedImportWarning","filename":"/opt/airflow/dags/customer.py","lineno":10,"logger":"py.warnings"}
{"timestamp":"2025-10-07T22:16:17.011879Z","level":"info","event":"Filling up the DagBag from /opt/airflow/dags/customer.py","logger":"airflow.models.dagbag.DagBag","filename":"dagbag.py","lineno":593}
{"timestamp":"2025-10-07T22:16:17.025934Z","level":"warning","event":"The `airflow.operators.trigger_dagrun.TriggerDagRunOperator` attribute is deprecated. Please use `'airflow.providers.standard.operators.trigger_dagrun.TriggerDagRunOperator'`.","category":"DeprecatedImportWarning","filename":"/opt/airflow/dags/customer.py","lineno":10,"logger":"py.warnings"}
{"timestamp":"2025-10-07T22:16:47.406659Z","level":"info","event":"Filling up the DagBag from /opt/airflow/dags/customer.py","logger":"airflow.models.dagbag.DagBag","filename":"dagbag.py","lineno":593}
{"timestamp":"2025-10-07T22:16:47.419846Z","level":"warning","event":"The `airflow.operators.trigger_dagrun.TriggerDagRunOperator` attribute is deprecated. Please use `'airflow.providers.standard.operators.trigger_dagrun.TriggerDagRunOperator'`.","category":"DeprecatedImportWarning","filename":"/opt/airflow/dags/customer.py","lineno":10,"logger":"py.warnings"}
{"timestamp":"2025-10-07T22:17:17.713047Z","level":"info","event":"Filling up the DagBag from /opt/airflow/dags/customer.py","logger":"airflow.models.dagbag.DagBag","filename":"dagbag.py","lineno":593}
{"timestamp":"2025-10-07T22:17:17.731576Z","level":"warning","event":"The `airflow.operators.trigger_dagrun.TriggerDagRunOperator` attribute is deprecated. Please use `'airflow.providers.standard.operators.trigger_dagrun.TriggerDagRunOperator'`.","category":"DeprecatedImportWarning","filename":"/opt/airflow/dags/customer.py","lineno":10,"logger":"py.warnings"}
{"timestamp":"2025-10-07T22:17:48.047889Z","level":"info","event":"Filling up the DagBag from /opt/airflow/dags/customer.py","logger":"airflow.models.dagbag.DagBag","filename":"dagbag.py","lineno":593}
{"timestamp":"2025-10-07T22:17:48.069597Z","level":"warning","event":"The `airflow.operators.trigger_dagrun.TriggerDagRunOperator` attribute is deprecated. Please use `'airflow.providers.standard.operators.trigger_dagrun.TriggerDagRunOperator'`.","category":"DeprecatedImportWarning","filename":"/opt/airflow/dags/customer.py","lineno":10,"logger":"py.warnings"}
{"timestamp":"2025-10-07T22:18:18.375903Z","level":"info","event":"Filling up the DagBag from /opt/airflow/dags/customer.py","logger":"airflow.models.dagbag.DagBag","filename":"dagbag.py","lineno":593}
{"timestamp":"2025-10-07T22:18:18.393758Z","level":"warning","event":"The `airflow.operators.trigger_dagrun.TriggerDagRunOperator` attribute is deprecated. Please use `'airflow.providers.standard.operators.trigger_dagrun.TriggerDagRunOperator'`.","category":"DeprecatedImportWarning","filename":"/opt/airflow/dags/customer.py","lineno":10,"logger":"py.warnings"}
{"timestamp":"2025-10-07T22:18:48.769739Z","level":"info","event":"Filling up the DagBag from /opt/airflow/dags/customer.py","logger":"airflow.models.dagbag.DagBag","filename":"dagbag.py","lineno":593}
{"timestamp":"2025-10-07T22:18:48.794555Z","level":"warning","event":"The `airflow.operators.trigger_dagrun.TriggerDagRunOperator` attribute is deprecated. Please use `'airflow.providers.standard.operators.trigger_dagrun.TriggerDagRunOperator'`.","category":"DeprecatedImportWarning","filename":"/opt/airflow/dags/customer.py","lineno":10,"logger":"py.warnings"}
{"timestamp":"2025-10-07T22:19:19.133550Z","level":"info","event":"Filling up the DagBag from /opt/airflow/dags/customer.py","logger":"airflow.models.dagbag.DagBag","filename":"dagbag.py","lineno":593}
{"timestamp":"2025-10-07T22:19:19.148606Z","level":"warning","event":"The `airflow.operators.trigger_dagrun.TriggerDagRunOperator` attribute is deprecated. Please use `'airflow.providers.standard.operators.trigger_dagrun.TriggerDagRunOperator'`.","category":"DeprecatedImportWarning","filename":"/opt/airflow/dags/customer.py","lineno":10,"logger":"py.warnings"}
{"timestamp":"2025-10-07T22:19:49.405049Z","level":"info","event":"Filling up the DagBag from /opt/airflow/dags/customer.py","logger":"airflow.models.dagbag.DagBag","filename":"dagbag.py","lineno":593}
{"timestamp":"2025-10-07T22:19:49.419061Z","level":"warning","event":"The `airflow.operators.trigger_dagrun.TriggerDagRunOperator` attribute is deprecated. Please use `'airflow.providers.standard.operators.trigger_dagrun.TriggerDagRunOperator'`.","category":"DeprecatedImportWarning","filename":"/opt/airflow/dags/customer.py","lineno":10,"logger":"py.warnings"}
{"timestamp":"2025-10-07T22:20:19.634074Z","level":"info","event":"Filling up the DagBag from /opt/airflow/dags/customer.py","logger":"airflow.models.dagbag.DagBag","filename":"dagbag.py","lineno":593}
{"timestamp":"2025-10-07T22:20:19.652377Z","level":"warning","event":"The `airflow.operators.trigger_dagrun.TriggerDagRunOperator` attribute is deprecated. Please use `'airflow.providers.standard.operators.trigger_dagrun.TriggerDagRunOperator'`.","category":"DeprecatedImportWarning","filename":"/opt/airflow/dags/customer.py","lineno":10,"logger":"py.warnings"}
{"timestamp":"2025-10-07T22:20:49.988133Z","level":"info","event":"Filling up the DagBag from /opt/airflow/dags/customer.py","logger":"airflow.models.dagbag.DagBag","filename":"dagbag.py","lineno":593}
{"timestamp":"2025-10-07T22:20:50.002186Z","level":"warning","event":"The `airflow.operators.trigger_dagrun.TriggerDagRunOperator` attribute is deprecated. Please use `'airflow.providers.standard.operators.trigger_dagrun.TriggerDagRunOperator'`.","category":"DeprecatedImportWarning","filename":"/opt/airflow/dags/customer.py","lineno":10,"logger":"py.warnings"}
{"timestamp":"2025-10-07T22:21:20.276173Z","level":"info","event":"Filling up the DagBag from /opt/airflow/dags/customer.py","logger":"airflow.models.dagbag.DagBag","filename":"dagbag.py","lineno":593}
{"timestamp":"2025-10-07T22:21:20.290672Z","level":"warning","event":"The `airflow.operators.trigger_dagrun.TriggerDagRunOperator` attribute is deprecated. Please use `'airflow.providers.standard.operators.trigger_dagrun.TriggerDagRunOperator'`.","category":"DeprecatedImportWarning","filename":"/opt/airflow/dags/customer.py","lineno":10,"logger":"py.warnings"}
{"timestamp":"2025-10-07T22:21:50.564093Z","level":"info","event":"Filling up the DagBag from /opt/airflow/dags/customer.py","logger":"airflow.models.dagbag.DagBag","filename":"dagbag.py","lineno":593}
{"timestamp":"2025-10-07T22:21:50.582478Z","level":"warning","event":"The `airflow.operators.trigger_dagrun.TriggerDagRunOperator` attribute is deprecated. Please use `'airflow.providers.standard.operators.trigger_dagrun.TriggerDagRunOperator'`.","category":"DeprecatedImportWarning","filename":"/opt/airflow/dags/customer.py","lineno":10,"logger":"py.warnings"}
